szazalek,part,datum,kutato
67,fidesz,2010-05-01,Tárki
,fidesz,2010-05-01,Nézőpont
68,fidesz,2010-05-01,Medián
,fidesz,2010-05-01,Századvég
70,fidesz,2010-06-01,Tárki
,fidesz,2010-06-01,Nézőpont
72,fidesz,2010-06-01,Medián
,fidesz,2010-06-01,Századvég
62,fidesz,2010-07-01,Tárki
,fidesz,2010-07-01,Nézőpont
66,fidesz,2010-07-01,Medián
64,fidesz,2010-07-01,Századvég
,fidesz,2010-08-01,Tárki
,fidesz,2010-08-01,Nézőpont
63,fidesz,2010-08-01,Medián
67,fidesz,2010-08-01,Századvég
69,fidesz,2010-09-01,Tárki
61,fidesz,2010-09-01,Nézőpont
66,fidesz,2010-09-01,Medián
66,fidesz,2010-09-01,Századvég
70,fidesz,2010-10-01,Tárki
60,fidesz,2010-10-01,Nézőpont
63,fidesz,2010-10-01,Medián
68,fidesz,2010-10-01,Századvég
73,fidesz,2010-11-01,Tárki
56,fidesz,2010-11-01,Nézőpont
66,fidesz,2010-11-01,Medián
66,fidesz,2010-11-01,Századvég
70,fidesz,2010-12-01,Tárki
57,fidesz,2010-12-01,Nézőpont
64,fidesz,2010-12-01,Medián
65,fidesz,2010-12-01,Századvég
69,fidesz,2011-01-01,Tárki
56,fidesz,2011-01-01,Nézőpont
66,fidesz,2011-01-01,Medián
64,fidesz,2011-01-01,Századvég
63,fidesz,2011-02-01,Tárki
56,fidesz,2011-02-01,Nézőpont
64,fidesz,2011-02-01,Medián
,fidesz,2011-02-01,Századvég
57,fidesz,2011-03-01,Tárki
57,fidesz,2011-03-01,Nézőpont
60,fidesz,2011-03-01,Medián
59,fidesz,2011-03-01,Századvég
55,fidesz,2011-04-01,Tárki
58,fidesz,2011-04-01,Nézőpont
56,fidesz,2011-04-01,Medián
,fidesz,2011-04-01,Századvég
49,fidesz,2011-05-01,Tárki
56,fidesz,2011-05-01,Nézőpont
55,fidesz,2011-05-01,Medián
57,fidesz,2011-05-01,Századvég
56,fidesz,2011-06-01,Tárki
59,fidesz,2011-06-01,Nézőpont
53,fidesz,2011-06-01,Medián
54,fidesz,2011-06-01,Századvég
59,fidesz,2011-07-01,Tárki
60,fidesz,2011-07-01,Nézőpont
51,fidesz,2011-07-01,Medián
,fidesz,2011-07-01,Századvég
,fidesz,2011-08-01,Tárki
58,fidesz,2011-08-01,Nézőpont
51,fidesz,2011-08-01,Medián
,fidesz,2011-08-01,Századvég
51,fidesz,2011-09-01,Tárki
59,fidesz,2011-09-01,Nézőpont
51,fidesz,2011-09-01,Medián
,fidesz,2011-09-01,Századvég
49,fidesz,2011-10-01,Tárki
55,fidesz,2011-10-01,Nézőpont
47,fidesz,2011-10-01,Medián
51,fidesz,2011-10-01,Századvég
49,fidesz,2011-11-01,Tárki
58,fidesz,2011-11-01,Nézőpont
45,fidesz,2011-11-01,Medián
,fidesz,2011-11-01,Századvég
42,fidesz,2011-12-01,Tárki
58,fidesz,2011-12-01,Nézőpont
,fidesz,2011-12-01,Medián
49,fidesz,2011-12-01,Századvég
39,fidesz,2012-01-01,Tárki
58,fidesz,2012-01-01,Nézőpont
,fidesz,2012-01-01,Medián
44,fidesz,2012-01-01,Századvég
41,fidesz,2012-02-01,Tárki
54,fidesz,2012-02-01,Nézőpont
40,fidesz,2012-02-01,Medián
45,fidesz,2012-02-01,Századvég
49,fidesz,2012-03-01,Tárki
52,fidesz,2012-03-01,Nézőpont
43,fidesz,2012-03-01,Medián
46,fidesz,2012-03-01,Századvég
42,fidesz,2012-04-01,Tárki
50,fidesz,2012-04-01,Nézőpont
,fidesz,2012-04-01,Medián
44,fidesz,2012-04-01,Századvég
38,fidesz,2012-05-01,Tárki
50,fidesz,2012-05-01,Nézőpont
,fidesz,2012-05-01,Medián
41,fidesz,2012-05-01,Századvég
38,fidesz,2012-06-01,Tárki
44,fidesz,2012-06-01,Nézőpont
,fidesz,2012-06-01,Medián
40,fidesz,2012-06-01,Századvég
41,fidesz,2012-07-01,Tárki
47,fidesz,2012-07-01,Nézőpont
,fidesz,2012-07-01,Medián
41,fidesz,2012-07-01,Századvég
,fidesz,2012-08-01,Tárki
45,fidesz,2012-08-01,Nézőpont
,fidesz,2012-08-01,Medián
40,fidesz,2012-08-01,Századvég
38,fidesz,2012-09-01,Tárki
46,fidesz,2012-09-01,Nézőpont
,fidesz,2012-09-01,Medián
41,fidesz,2012-09-01,Századvég
40,fidesz,2012-10-01,Tárki
46,fidesz,2012-10-01,Nézőpont
,fidesz,2012-10-01,Medián
40,fidesz,2012-10-01,Századvég
38,fidesz,2012-11-01,Tárki
46,fidesz,2012-11-01,Nézőpont
,fidesz,2012-11-01,Medián
40,fidesz,2012-11-01,Századvég
40,fidesz,2012-12-01,Tárki
46,fidesz,2012-12-01,Nézőpont
40,fidesz,2012-12-01,Medián
39,fidesz,2012-12-01,Századvég
42,fidesz,2013-01-01,Tárki
48,fidesz,2013-01-01,Nézőpont
43,fidesz,2013-01-01,Medián
40,fidesz,2013-01-01,Századvég
55,fidesz,2013-02-01,Tárki
55,fidesz,2013-02-01,Nézőpont
41,fidesz,2013-02-01,Medián
42,fidesz,2013-02-01,Századvég
50,fidesz,2013-03-01,Tárki
47,fidesz,2013-03-01,Nézőpont
45,fidesz,2013-03-01,Medián
44,fidesz,2013-03-01,Századvég
49,fidesz,2013-04-01,Tárki
43,fidesz,2013-04-01,Nézőpont
50,fidesz,2013-04-01,Medián
47,fidesz,2013-04-01,Századvég
46,fidesz,2013-05-01,Tárki
42,fidesz,2013-05-01,Nézőpont
45,fidesz,2013-05-01,Medián
47,fidesz,2013-05-01,Századvég
48,fidesz,2013-06-01,Tárki
43,fidesz,2013-06-01,Nézőpont
,fidesz,2013-06-01,Medián
49,fidesz,2013-06-01,Századvég
48,fidesz,2013-07-01,Tárki
41,fidesz,2013-07-01,Nézőpont
46,fidesz,2013-07-01,Medián
,fidesz,2013-07-01,Századvég
,fidesz,2013-08-01,Tárki
41,fidesz,2013-08-01,Nézőpont
,fidesz,2013-08-01,Medián
50,fidesz,2013-08-01,Századvég
52,fidesz,2013-09-01,Tárki
43,fidesz,2013-09-01,Nézőpont
46,fidesz,2013-09-01,Medián
51,fidesz,2013-09-01,Századvég
51,fidesz,2013-10-01,Tárki
44,fidesz,2013-10-01,Nézőpont
52,fidesz,2013-10-01,Medián
51,fidesz,2013-10-01,Századvég
51,fidesz,2013-11-01,Tárki
42,fidesz,2013-11-01,Nézőpont
48,fidesz,2013-11-01,Medián
52,fidesz,2013-11-01,Századvég
47,fidesz,2013-12-01,Tárki
48,fidesz,2013-12-01,Nézőpont
52,fidesz,2013-12-01,Medián
52,fidesz,2013-12-01,Századvég
49,fidesz,2014-01-01,Tárki
48,fidesz,2014-01-01,Nézőpont
52,fidesz,2014-01-01,Medián
51,fidesz,2014-01-01,Századvég
49,fidesz,2014-02-01,Tárki
,fidesz,2014-02-01,Nézőpont
49,fidesz,2014-02-01,Medián
51,fidesz,2014-02-01,Századvég
51,fidesz,2014-03-01,Tárki
,fidesz,2014-03-01,Nézőpont
47,fidesz,2014-03-01,Medián
,fidesz,2014-03-01,Századvég
55,fidesz,2014-05-01,Tárki
46,fidesz,2014-05-01,Nézőpont
56,fidesz,2014-05-01,Medián
,fidesz,2014-05-01,Századvég
56,fidesz,2014-06-01,Tárki
47,fidesz,2014-06-01,Nézőpont
,fidesz,2014-06-01,Medián
,fidesz,2014-06-01,Századvég
55,fidesz,2014-07-01,Tárki
41,fidesz,2014-07-01,Nézőpont
,fidesz,2014-07-01,Medián
53,fidesz,2014-07-01,Századvég
55,fidesz,2014-08-01,Tárki
42,fidesz,2014-08-01,Nézőpont
,fidesz,2014-08-01,Medián
,fidesz,2014-08-01,Századvég
54,fidesz,2014-09-01,Tárki
45,fidesz,2014-09-01,Nézőpont
50,fidesz,2014-09-01,Medián
54,fidesz,2014-09-01,Századvég
55,fidesz,2014-10-01,Tárki
43,fidesz,2014-10-01,Nézőpont
,fidesz,2014-10-01,Medián
,fidesz,2014-10-01,Századvég
45,fidesz,2014-11-01,Tárki
40,fidesz,2014-11-01,Nézőpont
,fidesz,2014-11-01,Medián
,fidesz,2014-11-01,Századvég
,fidesz,2014-12-01,Tárki
40,fidesz,2014-12-01,Nézőpont
38,fidesz,2014-12-01,Medián
44,fidesz,2014-12-01,Századvég
41,fidesz,2015-01-01,Tárki
40,fidesz,2015-01-01,Nézőpont
,fidesz,2015-01-01,Medián
45,fidesz,2015-01-01,Századvég
,fidesz,2015-02-01,Tárki
42,fidesz,2015-02-01,Nézőpont
45,fidesz,2015-02-01,Medián
45,fidesz,2015-02-01,Századvég
,fidesz,2015-03-01,Tárki
44,fidesz,2015-03-01,Nézőpont
40,fidesz,2015-03-01,Medián
41,fidesz,2015-03-01,Századvég
38,fidesz,2015-04-01,Tárki
36,fidesz,2015-04-01,Nézőpont
,fidesz,2015-04-01,Medián
38,fidesz,2015-04-01,Századvég
,fidesz,2015-05-01,Tárki
39,fidesz,2015-05-01,Nézőpont
44,fidesz,2015-05-01,Medián
,fidesz,2015-05-01,Századvég
,fidesz,2015-06-01,Tárki
41,fidesz,2015-06-01,Nézőpont
,fidesz,2015-06-01,Medián
40,fidesz,2015-06-01,Századvég
39,fidesz,2015-07-01,Tárki
41,fidesz,2015-07-01,Nézőpont
,fidesz,2015-07-01,Medián
,fidesz,2015-07-01,Századvég
,fidesz,2015-08-01,Tárki
40,fidesz,2015-08-01,Nézőpont
,fidesz,2015-08-01,Medián
,fidesz,2015-08-01,Századvég
,fidesz,2015-09-01,Tárki
44,fidesz,2015-09-01,Nézőpont
50,fidesz,2015-09-01,Medián
41,fidesz,2015-09-01,Századvég
51,fidesz,2015-10-01,Tárki
45,fidesz,2015-10-01,Nézőpont
,fidesz,2015-10-01,Medián
,fidesz,2015-10-01,Századvég
,fidesz,2015-11-01,Tárki
48,fidesz,2015-11-01,Nézőpont
51,fidesz,2015-11-01,Medián
,fidesz,2015-11-01,Századvég
,fidesz,2015-12-01,Tárki
48,fidesz,2015-12-01,Nézőpont
,fidesz,2015-12-01,Medián
,fidesz,2015-12-01,Századvég
54,fidesz,2016-01-01,Tárki
44,fidesz,2016-01-01,Nézőpont
53,fidesz,2016-01-01,Medián
45,fidesz,2016-01-01,Századvég
,fidesz,2016-02-01,Tárki
44,fidesz,2016-02-01,Nézőpont
46,fidesz,2016-02-01,Medián
46,fidesz,2016-02-01,Századvég
,fidesz,2016-03-01,Tárki
,fidesz,2016-03-01,Nézőpont
,fidesz,2016-03-01,Medián
,fidesz,2016-03-01,Századvég
47,fidesz,2016-04-01,Tárki
40,fidesz,2016-04-01,Nézőpont
50,fidesz,2016-04-01,Medián
,fidesz,2016-04-01,Századvég
,fidesz,2016-05-01,Tárki
41,fidesz,2016-05-01,Nézőpont
,fidesz,2016-05-01,Medián
,fidesz,2016-05-01,Századvég
,fidesz,2016-06-01,Tárki
40,fidesz,2016-06-01,Nézőpont
56,fidesz,2016-06-01,Medián
44,fidesz,2016-06-01,Századvég
49,fidesz,2016-07-01,Tárki
44,fidesz,2016-07-01,Nézőpont
,fidesz,2016-07-01,Medián
45,fidesz,2016-07-01,Századvég
,fidesz,2016-08-01,Tárki
45,fidesz,2016-08-01,Nézőpont
,fidesz,2016-08-01,Medián
,fidesz,2016-08-01,Századvég
,fidesz,2016-09-01,Tárki
49,fidesz,2016-09-01,Nézőpont
54,fidesz,2016-09-01,Medián
47,fidesz,2016-09-01,Századvég
54,fidesz,2016-10-01,Tárki
45,fidesz,2016-10-01,Nézőpont
,fidesz,2016-10-01,Medián
,fidesz,2016-10-01,Századvég
,fidesz,2016-11-01,Tárki
43,fidesz,2016-11-01,Nézőpont
53,fidesz,2016-11-01,Medián
,fidesz,2016-11-01,Századvég
,fidesz,2016-12-01,Tárki
,fidesz,2016-12-01,Nézőpont
,fidesz,2016-12-01,Medián
47,fidesz,2016-12-01,Századvég
52,fidesz,2017-01-01,Tárki
47,fidesz,2017-01-01,Nézőpont
60,fidesz,2017-01-01,Medián
,fidesz,2017-01-01,Századvég
,fidesz,2017-02-01,Tárki
46,fidesz,2017-02-01,Nézőpont
,fidesz,2017-02-01,Medián
49,fidesz,2017-02-01,Századvég
,fidesz,2017-03-01,Tárki
53,fidesz,2017-03-01,Nézőpont
,fidesz,2017-03-01,Medián
,fidesz,2017-03-01,Századvég
51,fidesz,2017-04-01,Tárki
45,fidesz,2017-04-01,Nézőpont
47,fidesz,2017-04-01,Medián
48,fidesz,2017-04-01,Századvég
,fidesz,2017-05-01,Tárki
44,fidesz,2017-05-01,Nézőpont
,fidesz,2017-05-01,Medián
47,fidesz,2017-05-01,Századvég
,fidesz,2017-06-01,Tárki
41,fidesz,2017-06-01,Nézőpont
53,fidesz,2017-06-01,Medián
,fidesz,2017-06-01,Századvég
55,fidesz,2017-07-01,Tárki
43,fidesz,2017-07-01,Nézőpont
,fidesz,2017-07-01,Medián
48,fidesz,2017-07-01,Századvég
,fidesz,2017-08-01,Tárki
43,fidesz,2017-08-01,Nézőpont
,fidesz,2017-08-01,Medián
49,fidesz,2017-08-01,Századvég
,fidesz,2017-09-01,Tárki
43,fidesz,2017-09-01,Nézőpont
55,fidesz,2017-09-01,Medián
49,fidesz,2017-09-01,Századvég
59,fidesz,2017-10-01,Tárki
44,fidesz,2017-10-01,Nézőpont
61,fidesz,2017-10-01,Medián
50,fidesz,2017-10-01,Századvég
,fidesz,2017-11-01,Tárki
48,fidesz,2017-11-01,Nézőpont
60,fidesz,2017-11-01,Medián
51,fidesz,2017-11-01,Századvég
,fidesz,2017-12-01,Tárki
51,fidesz,2017-12-01,Nézőpont
,fidesz,2017-12-01,Medián
52,fidesz,2017-12-01,Századvég
62,fidesz,2018-01-01,Tárki
54,fidesz,2018-01-01,Nézőpont
53,fidesz,2018-01-01,Medián
51,fidesz,2018-01-01,Századvég
15,mszp,2010-05-01,Tárki
,mszp,2010-05-01,Nézőpont
15,mszp,2010-05-01,Medián
,mszp,2010-05-01,Századvég
13,mszp,2010-06-01,Tárki
,mszp,2010-06-01,Nézőpont
12,mszp,2010-06-01,Medián
,mszp,2010-06-01,Századvég
20,mszp,2010-07-01,Tárki
,mszp,2010-07-01,Nézőpont
13,mszp,2010-07-01,Medián
16,mszp,2010-07-01,Századvég
,mszp,2010-08-01,Tárki
,mszp,2010-08-01,Nézőpont
17,mszp,2010-08-01,Medián
17,mszp,2010-08-01,Századvég
16,mszp,2010-09-01,Tárki
18,mszp,2010-09-01,Nézőpont
17,mszp,2010-09-01,Medián
16,mszp,2010-09-01,Századvég
14,mszp,2010-10-01,Tárki
24,mszp,2010-10-01,Nézőpont
19,mszp,2010-10-01,Medián
14,mszp,2010-10-01,Századvég
14,mszp,2010-11-01,Tárki
24,mszp,2010-11-01,Nézőpont
17,mszp,2010-11-01,Medián
15,mszp,2010-11-01,Századvég
17,mszp,2010-12-01,Tárki
26,mszp,2010-12-01,Nézőpont
20,mszp,2010-12-01,Medián
17,mszp,2010-12-01,Századvég
17,mszp,2011-01-01,Tárki
25,mszp,2011-01-01,Nézőpont
18,mszp,2011-01-01,Medián
19,mszp,2011-01-01,Századvég
18,mszp,2011-02-01,Tárki
22,mszp,2011-02-01,Nézőpont
16,mszp,2011-02-01,Medián
,mszp,2011-02-01,Századvég
21,mszp,2011-03-01,Tárki
20,mszp,2011-03-01,Nézőpont
21,mszp,2011-03-01,Medián
19,mszp,2011-03-01,Századvég
24,mszp,2011-04-01,Tárki
22,mszp,2011-04-01,Nézőpont
22,mszp,2011-04-01,Medián
,mszp,2011-04-01,Századvég
24,mszp,2011-05-01,Tárki
18,mszp,2011-05-01,Nézőpont
22,mszp,2011-05-01,Medián
21,mszp,2011-05-01,Századvég
25,mszp,2011-06-01,Tárki
16,mszp,2011-06-01,Nézőpont
24,mszp,2011-06-01,Medián
19,mszp,2011-06-01,Századvég
19,mszp,2011-07-01,Tárki
14,mszp,2011-07-01,Nézőpont
25,mszp,2011-07-01,Medián
,mszp,2011-07-01,Századvég
,mszp,2011-08-01,Tárki
16,mszp,2011-08-01,Nézőpont
23,mszp,2011-08-01,Medián
,mszp,2011-08-01,Századvég
22,mszp,2011-09-01,Tárki
15,mszp,2011-09-01,Nézőpont
20,mszp,2011-09-01,Medián
,mszp,2011-09-01,Századvég
22,mszp,2011-10-01,Tárki
24,mszp,2011-10-01,Nézőpont
24,mszp,2011-10-01,Medián
19,mszp,2011-10-01,Századvég
18,mszp,2011-11-01,Tárki
13,mszp,2011-11-01,Nézőpont
21,mszp,2011-11-01,Medián
,mszp,2011-11-01,Századvég
25,mszp,2011-12-01,Tárki
13,mszp,2011-12-01,Nézőpont
,mszp,2011-12-01,Medián
21,mszp,2011-12-01,Századvég
24,mszp,2012-01-01,Tárki
13,mszp,2012-01-01,Nézőpont
,mszp,2012-01-01,Medián
23,mszp,2012-01-01,Századvég
28,mszp,2012-02-01,Tárki
13,mszp,2012-02-01,Nézőpont
22,mszp,2012-02-01,Medián
24,mszp,2012-02-01,Századvég
19,mszp,2012-03-01,Tárki
17,mszp,2012-03-01,Nézőpont
23,mszp,2012-03-01,Medián
25,mszp,2012-03-01,Századvég
26,mszp,2012-04-01,Tárki
18,mszp,2012-04-01,Nézőpont
,mszp,2012-04-01,Medián
26,mszp,2012-04-01,Századvég
30,mszp,2012-05-01,Tárki
18,mszp,2012-05-01,Nézőpont
,mszp,2012-05-01,Medián
25,mszp,2012-05-01,Századvég
31,mszp,2012-06-01,Tárki
27,mszp,2012-06-01,Nézőpont
,mszp,2012-06-01,Medián
25,mszp,2012-06-01,Századvég
25,mszp,2012-07-01,Tárki
23,mszp,2012-07-01,Nézőpont
,mszp,2012-07-01,Medián
24,mszp,2012-07-01,Századvég
,mszp,2012-08-01,Tárki
21,mszp,2012-08-01,Nézőpont
,mszp,2012-08-01,Medián
26,mszp,2012-08-01,Századvég
24,mszp,2012-09-01,Tárki
20,mszp,2012-09-01,Nézőpont
,mszp,2012-09-01,Medián
27,mszp,2012-09-01,Századvég
28,mszp,2012-10-01,Tárki
23,mszp,2012-10-01,Nézőpont
,mszp,2012-10-01,Medián
29,mszp,2012-10-01,Századvég
24,mszp,2012-11-01,Tárki
19,mszp,2012-11-01,Nézőpont
,mszp,2012-11-01,Medián
27,mszp,2012-11-01,Századvég
24,mszp,2012-12-01,Tárki
18,mszp,2012-12-01,Nézőpont
19,mszp,2012-12-01,Medián
29,mszp,2012-12-01,Századvég
31,mszp,2013-01-01,Tárki
18,mszp,2013-01-01,Nézőpont
27,mszp,2013-01-01,Medián
29,mszp,2013-01-01,Századvég
20,mszp,2013-02-01,Tárki
16,mszp,2013-02-01,Nézőpont
17,mszp,2013-02-01,Medián
29,mszp,2013-02-01,Századvég
19,mszp,2013-03-01,Tárki
24,mszp,2013-03-01,Nézőpont
24,mszp,2013-03-01,Medián
28,mszp,2013-03-01,Századvég
21,mszp,2013-04-01,Tárki
23,mszp,2013-04-01,Nézőpont
17,mszp,2013-04-01,Medián
27,mszp,2013-04-01,Századvég
22,mszp,2013-05-01,Tárki
22,mszp,2013-05-01,Nézőpont
23,mszp,2013-05-01,Medián
25,mszp,2013-05-01,Századvég
24,mszp,2013-06-01,Tárki
24,mszp,2013-06-01,Nézőpont
,mszp,2013-06-01,Medián
24,mszp,2013-06-01,Századvég
20,mszp,2013-07-01,Tárki
24,mszp,2013-07-01,Nézőpont
20,mszp,2013-07-01,Medián
,mszp,2013-07-01,Századvég
,mszp,2013-08-01,Tárki
25,mszp,2013-08-01,Nézőpont
,mszp,2013-08-01,Medián
23,mszp,2013-08-01,Századvég
20,mszp,2013-09-01,Tárki
26,mszp,2013-09-01,Nézőpont
23,mszp,2013-09-01,Medián
23,mszp,2013-09-01,Századvég
24,mszp,2013-10-01,Tárki
25,mszp,2013-10-01,Nézőpont
21,mszp,2013-10-01,Medián
23,mszp,2013-10-01,Századvég
18,mszp,2013-11-01,Tárki
23,mszp,2013-11-01,Nézőpont
22,mszp,2013-11-01,Medián
24,mszp,2013-11-01,Századvég
19,mszp,2013-12-01,Tárki
17,mszp,2013-12-01,Nézőpont
18,mszp,2013-12-01,Medián
23,mszp,2013-12-01,Századvég
23,mszp,2014-01-01,Tárki
17,mszp,2014-01-01,Nézőpont
,mszp,2014-01-01,Medián
21,mszp,2014-01-01,Századvég
,mszp,2014-02-01,Tárki
,mszp,2014-02-01,Nézőpont
,mszp,2014-02-01,Medián
,mszp,2014-02-01,Századvég
,mszp,2014-03-01,Tárki
,mszp,2014-03-01,Nézőpont
,mszp,2014-03-01,Medián
,mszp,2014-03-01,Századvég
15,mszp,2014-05-01,Tárki
17,mszp,2014-05-01,Nézőpont
14,mszp,2014-05-01,Medián
,mszp,2014-05-01,Századvég
16,mszp,2014-06-01,Tárki
14,mszp,2014-06-01,Nézőpont
,mszp,2014-06-01,Medián
,mszp,2014-06-01,Századvég
15,mszp,2014-07-01,Tárki
13,mszp,2014-07-01,Nézőpont
,mszp,2014-07-01,Medián
12,mszp,2014-07-01,Századvég
15,mszp,2014-08-01,Tárki
11,mszp,2014-08-01,Nézőpont
,mszp,2014-08-01,Medián
,mszp,2014-08-01,Századvég
18,mszp,2014-09-01,Tárki
12,mszp,2014-09-01,Nézőpont
15,mszp,2014-09-01,Medián
15,mszp,2014-09-01,Századvég
16,mszp,2014-10-01,Tárki
12,mszp,2014-10-01,Nézőpont
,mszp,2014-10-01,Medián
,mszp,2014-10-01,Századvég
20,mszp,2014-11-01,Tárki
9,mszp,2014-11-01,Nézőpont
,mszp,2014-11-01,Medián
,mszp,2014-11-01,Századvég
,mszp,2014-12-01,Tárki
12,mszp,2014-12-01,Nézőpont
19,mszp,2014-12-01,Medián
17,mszp,2014-12-01,Századvég
18,mszp,2015-01-01,Tárki
12,mszp,2015-01-01,Nézőpont
,mszp,2015-01-01,Medián
18,mszp,2015-01-01,Századvég
,mszp,2015-02-01,Tárki
13,mszp,2015-02-01,Nézőpont
17,mszp,2015-02-01,Medián
19,mszp,2015-02-01,Századvég
,mszp,2015-03-01,Tárki
10,mszp,2015-03-01,Nézőpont
17,mszp,2015-03-01,Medián
18,mszp,2015-03-01,Századvég
17,mszp,2015-04-01,Tárki
13,mszp,2015-04-01,Nézőpont
,mszp,2015-04-01,Medián
17,mszp,2015-04-01,Századvég
,mszp,2015-05-01,Tárki
12,mszp,2015-05-01,Nézőpont
12,mszp,2015-05-01,Medián
,mszp,2015-05-01,Századvég
,mszp,2015-06-01,Tárki
12,mszp,2015-06-01,Nézőpont
,mszp,2015-06-01,Medián
15,mszp,2015-06-01,Századvég
19,mszp,2015-07-01,Tárki
11,mszp,2015-07-01,Nézőpont
,mszp,2015-07-01,Medián
,mszp,2015-07-01,Századvég
,mszp,2015-08-01,Tárki
10,mszp,2015-08-01,Nézőpont
,mszp,2015-08-01,Medián
,mszp,2015-08-01,Századvég
,mszp,2015-09-01,Tárki
9,mszp,2015-09-01,Nézőpont
15,mszp,2015-09-01,Medián
16,mszp,2015-09-01,Századvég
14,mszp,2015-10-01,Tárki
10,mszp,2015-10-01,Nézőpont
,mszp,2015-10-01,Medián
,mszp,2015-10-01,Századvég
,mszp,2015-11-01,Tárki
9,mszp,2015-11-01,Nézőpont
11,mszp,2015-11-01,Medián
,mszp,2015-11-01,Századvég
,mszp,2015-12-01,Tárki
9,mszp,2015-12-01,Nézőpont
,mszp,2015-12-01,Medián
,mszp,2015-12-01,Századvég
7,mszp,2016-01-01,Tárki
11,mszp,2016-01-01,Nézőpont
15,mszp,2016-01-01,Medián
14,mszp,2016-01-01,Századvég
,mszp,2016-02-01,Tárki
11,mszp,2016-02-01,Nézőpont
12,mszp,2016-02-01,Medián
14,mszp,2016-02-01,Századvég
,mszp,2016-03-01,Tárki
,mszp,2016-03-01,Nézőpont
,mszp,2016-03-01,Medián
,mszp,2016-03-01,Századvég
18,mszp,2016-04-01,Tárki
13,mszp,2016-04-01,Nézőpont
13,mszp,2016-04-01,Medián
,mszp,2016-04-01,Századvég
,mszp,2016-05-01,Tárki
11,mszp,2016-05-01,Nézőpont
,mszp,2016-05-01,Medián
,mszp,2016-05-01,Századvég
,mszp,2016-06-01,Tárki
11,mszp,2016-06-01,Nézőpont
14,mszp,2016-06-01,Medián
16,mszp,2016-06-01,Századvég
13,mszp,2016-07-01,Tárki
12,mszp,2016-07-01,Nézőpont
,mszp,2016-07-01,Medián
15,mszp,2016-07-01,Századvég
,mszp,2016-08-01,Tárki
10,mszp,2016-08-01,Nézőpont
,mszp,2016-08-01,Medián
,mszp,2016-08-01,Századvég
,mszp,2016-09-01,Tárki
10,mszp,2016-09-01,Nézőpont
15,mszp,2016-09-01,Medián
15,mszp,2016-09-01,Századvég
15,mszp,2016-10-01,Tárki
9,mszp,2016-10-01,Nézőpont
,mszp,2016-10-01,Medián
,mszp,2016-10-01,Századvég
,mszp,2016-11-01,Tárki
10,mszp,2016-11-01,Nézőpont
14,mszp,2016-11-01,Medián
,mszp,2016-11-01,Századvég
,mszp,2016-12-01,Tárki
,mszp,2016-12-01,Nézőpont
,mszp,2016-12-01,Medián
16,mszp,2016-12-01,Századvég
15,mszp,2017-01-01,Tárki
14,mszp,2017-01-01,Nézőpont
10,mszp,2017-01-01,Medián
,mszp,2017-01-01,Századvég
,mszp,2017-02-01,Tárki
14,mszp,2017-02-01,Nézőpont
,mszp,2017-02-01,Medián
18,mszp,2017-02-01,Századvég
,mszp,2017-03-01,Tárki
11,mszp,2017-03-01,Nézőpont
,mszp,2017-03-01,Medián
,mszp,2017-03-01,Századvég
15,mszp,2017-04-01,Tárki
14,mszp,2017-04-01,Nézőpont
13,mszp,2017-04-01,Medián
19,mszp,2017-04-01,Századvég
,mszp,2017-05-01,Tárki
14,mszp,2017-05-01,Nézőpont
,mszp,2017-05-01,Medián
19,mszp,2017-05-01,Századvég
,mszp,2017-06-01,Tárki
15,mszp,2017-06-01,Nézőpont
12,mszp,2017-06-01,Medián
,mszp,2017-06-01,Századvég
11,mszp,2017-07-01,Tárki
13,mszp,2017-07-01,Nézőpont
,mszp,2017-07-01,Medián
17,mszp,2017-07-01,Századvég
,mszp,2017-08-01,Tárki
12,mszp,2017-08-01,Nézőpont
,mszp,2017-08-01,Medián
17,mszp,2017-08-01,Századvég
,mszp,2017-09-01,Tárki
11,mszp,2017-09-01,Nézőpont
9,mszp,2017-09-01,Medián
16,mszp,2017-09-01,Századvég
12,mszp,2017-10-01,Tárki
10,mszp,2017-10-01,Nézőpont
9,mszp,2017-10-01,Medián
16,mszp,2017-10-01,Századvég
,mszp,2017-11-01,Tárki
9,mszp,2017-11-01,Nézőpont
10,mszp,2017-11-01,Medián
14,mszp,2017-11-01,Századvég
,mszp,2017-12-01,Tárki
8,mszp,2017-12-01,Nézőpont
,mszp,2017-12-01,Medián
14,mszp,2017-12-01,Századvég
7,mszp,2018-01-01,Tárki
9,mszp,2018-01-01,Nézőpont
11,mszp,2018-01-01,Medián
13,mszp,2018-01-01,Századvég
12,jobbik,2010-05-01,Tárki
,jobbik,2010-05-01,Nézőpont
14,jobbik,2010-05-01,Medián
,jobbik,2010-05-01,Századvég
10,jobbik,2010-06-01,Tárki
,jobbik,2010-06-01,Nézőpont
11,jobbik,2010-06-01,Medián
,jobbik,2010-06-01,Századvég
11,jobbik,2010-07-01,Tárki
,jobbik,2010-07-01,Nézőpont
12,jobbik,2010-07-01,Medián
10,jobbik,2010-07-01,Századvég
,jobbik,2010-08-01,Tárki
,jobbik,2010-08-01,Nézőpont
14,jobbik,2010-08-01,Medián
8,jobbik,2010-08-01,Századvég
9,jobbik,2010-09-01,Tárki
14,jobbik,2010-09-01,Nézőpont
10,jobbik,2010-09-01,Medián
9,jobbik,2010-09-01,Századvég
11,jobbik,2010-10-01,Tárki
12,jobbik,2010-10-01,Nézőpont
13,jobbik,2010-10-01,Medián
10,jobbik,2010-10-01,Századvég
9,jobbik,2010-11-01,Tárki
15,jobbik,2010-11-01,Nézőpont
11,jobbik,2010-11-01,Medián
11,jobbik,2010-11-01,Századvég
8,jobbik,2010-12-01,Tárki
10,jobbik,2010-12-01,Nézőpont
11,jobbik,2010-12-01,Medián
10,jobbik,2010-12-01,Századvég
9,jobbik,2011-01-01,Tárki
11,jobbik,2011-01-01,Nézőpont
12,jobbik,2011-01-01,Medián
8,jobbik,2011-01-01,Századvég
12,jobbik,2011-02-01,Tárki
11,jobbik,2011-02-01,Nézőpont
13,jobbik,2011-02-01,Medián
,jobbik,2011-02-01,Századvég
13,jobbik,2011-03-01,Tárki
13,jobbik,2011-03-01,Nézőpont
15,jobbik,2011-03-01,Medián
12,jobbik,2011-03-01,Századvég
15,jobbik,2011-04-01,Tárki
10,jobbik,2011-04-01,Nézőpont
16,jobbik,2011-04-01,Medián
,jobbik,2011-04-01,Századvég
19,jobbik,2011-05-01,Tárki
14,jobbik,2011-05-01,Nézőpont
17,jobbik,2011-05-01,Medián
13,jobbik,2011-05-01,Századvég
15,jobbik,2011-06-01,Tárki
11,jobbik,2011-06-01,Nézőpont
15,jobbik,2011-06-01,Medián
14,jobbik,2011-06-01,Századvég
14,jobbik,2011-07-01,Tárki
12,jobbik,2011-07-01,Nézőpont
15,jobbik,2011-07-01,Medián
,jobbik,2011-07-01,Századvég
,jobbik,2011-08-01,Tárki
18,jobbik,2011-08-01,Nézőpont
18,jobbik,2011-08-01,Medián
,jobbik,2011-08-01,Századvég
21,jobbik,2011-09-01,Tárki
18,jobbik,2011-09-01,Nézőpont
20,jobbik,2011-09-01,Medián
,jobbik,2011-09-01,Századvég
21,jobbik,2011-10-01,Tárki
13,jobbik,2011-10-01,Nézőpont
20,jobbik,2011-10-01,Medián
17,jobbik,2011-10-01,Századvég
25,jobbik,2011-11-01,Tárki
19,jobbik,2011-11-01,Nézőpont
22,jobbik,2011-11-01,Medián
,jobbik,2011-11-01,Századvég
21,jobbik,2011-12-01,Tárki
17,jobbik,2011-12-01,Nézőpont
,jobbik,2011-12-01,Medián
18,jobbik,2011-12-01,Századvég
22,jobbik,2012-01-01,Tárki
18,jobbik,2012-01-01,Nézőpont
,jobbik,2012-01-01,Medián
19,jobbik,2012-01-01,Századvég
19,jobbik,2012-02-01,Tárki
19,jobbik,2012-02-01,Nézőpont
24,jobbik,2012-02-01,Medián
19,jobbik,2012-02-01,Századvég
19,jobbik,2012-03-01,Tárki
20,jobbik,2012-03-01,Nézőpont
23,jobbik,2012-03-01,Medián
17,jobbik,2012-03-01,Századvég
15,jobbik,2012-04-01,Tárki
20,jobbik,2012-04-01,Nézőpont
,jobbik,2012-04-01,Medián
16,jobbik,2012-04-01,Századvég
22,jobbik,2012-05-01,Tárki
22,jobbik,2012-05-01,Nézőpont
,jobbik,2012-05-01,Medián
17,jobbik,2012-05-01,Századvég
19,jobbik,2012-06-01,Tárki
16,jobbik,2012-06-01,Nézőpont
,jobbik,2012-06-01,Medián
19,jobbik,2012-06-01,Századvég
21,jobbik,2012-07-01,Tárki
20,jobbik,2012-07-01,Nézőpont
,jobbik,2012-07-01,Medián
21,jobbik,2012-07-01,Századvég
,jobbik,2012-08-01,Tárki
23,jobbik,2012-08-01,Nézőpont
,jobbik,2012-08-01,Medián
20,jobbik,2012-08-01,Századvég
19,jobbik,2012-09-01,Tárki
24,jobbik,2012-09-01,Nézőpont
,jobbik,2012-09-01,Medián
17,jobbik,2012-09-01,Századvég
20,jobbik,2012-10-01,Tárki
20,jobbik,2012-10-01,Nézőpont
,jobbik,2012-10-01,Medián
19,jobbik,2012-10-01,Századvég
19,jobbik,2012-11-01,Tárki
20,jobbik,2012-11-01,Nézőpont
,jobbik,2012-11-01,Medián
18,jobbik,2012-11-01,Századvég
20,jobbik,2012-12-01,Tárki
19,jobbik,2012-12-01,Nézőpont
18,jobbik,2012-12-01,Medián
17,jobbik,2012-12-01,Századvég
16,jobbik,2013-01-01,Tárki
15,jobbik,2013-01-01,Nézőpont
15,jobbik,2013-01-01,Medián
18,jobbik,2013-01-01,Századvég
13,jobbik,2013-02-01,Tárki
15,jobbik,2013-02-01,Nézőpont
19,jobbik,2013-02-01,Medián
17,jobbik,2013-02-01,Századvég
16,jobbik,2013-03-01,Tárki
16,jobbik,2013-03-01,Nézőpont
17,jobbik,2013-03-01,Medián
15,jobbik,2013-03-01,Századvég
17,jobbik,2013-04-01,Tárki
17,jobbik,2013-04-01,Nézőpont
17,jobbik,2013-04-01,Medián
14,jobbik,2013-04-01,Századvég
15,jobbik,2013-05-01,Tárki
16,jobbik,2013-05-01,Nézőpont
15,jobbik,2013-05-01,Medián
13,jobbik,2013-05-01,Századvég
13,jobbik,2013-06-01,Tárki
17,jobbik,2013-06-01,Nézőpont
,jobbik,2013-06-01,Medián
13,jobbik,2013-06-01,Századvég
15,jobbik,2013-07-01,Tárki
19,jobbik,2013-07-01,Nézőpont
14,jobbik,2013-07-01,Medián
,jobbik,2013-07-01,Századvég
,jobbik,2013-08-01,Tárki
19,jobbik,2013-08-01,Nézőpont
,jobbik,2013-08-01,Medián
12,jobbik,2013-08-01,Századvég
15,jobbik,2013-09-01,Tárki
17,jobbik,2013-09-01,Nézőpont
15,jobbik,2013-09-01,Medián
14,jobbik,2013-09-01,Századvég
10,jobbik,2013-10-01,Tárki
14,jobbik,2013-10-01,Nézőpont
13,jobbik,2013-10-01,Medián
13,jobbik,2013-10-01,Századvég
13,jobbik,2013-11-01,Tárki
13,jobbik,2013-11-01,Nézőpont
14,jobbik,2013-11-01,Medián
12,jobbik,2013-11-01,Századvég
14,jobbik,2013-12-01,Tárki
12,jobbik,2013-12-01,Nézőpont
14,jobbik,2013-12-01,Medián
13,jobbik,2013-12-01,Századvég
14,jobbik,2014-01-01,Tárki
12,jobbik,2014-01-01,Nézőpont
14,jobbik,2014-01-01,Medián
14,jobbik,2014-01-01,Századvég
19,jobbik,2014-02-01,Tárki
,jobbik,2014-02-01,Nézőpont
18,jobbik,2014-02-01,Medián
16,jobbik,2014-02-01,Századvég
20,jobbik,2014-03-01,Tárki
,jobbik,2014-03-01,Nézőpont
21,jobbik,2014-03-01,Medián
,jobbik,2014-03-01,Századvég
16,jobbik,2014-05-01,Tárki
15,jobbik,2014-05-01,Nézőpont
17,jobbik,2014-05-01,Medián
,jobbik,2014-05-01,Századvég
15,jobbik,2014-06-01,Tárki
19,jobbik,2014-06-01,Nézőpont
,jobbik,2014-06-01,Medián
,jobbik,2014-06-01,Századvég
16,jobbik,2014-07-01,Tárki
23,jobbik,2014-07-01,Nézőpont
,jobbik,2014-07-01,Medián
18,jobbik,2014-07-01,Századvég
16,jobbik,2014-08-01,Tárki
26,jobbik,2014-08-01,Nézőpont
,jobbik,2014-08-01,Medián
,jobbik,2014-08-01,Századvég
15,jobbik,2014-09-01,Tárki
20,jobbik,2014-09-01,Nézőpont
21,jobbik,2014-09-01,Medián
17,jobbik,2014-09-01,Századvég
17,jobbik,2014-10-01,Tárki
25,jobbik,2014-10-01,Nézőpont
,jobbik,2014-10-01,Medián
,jobbik,2014-10-01,Századvég
21,jobbik,2014-11-01,Tárki
26,jobbik,2014-11-01,Nézőpont
,jobbik,2014-11-01,Medián
,jobbik,2014-11-01,Századvég
,jobbik,2014-12-01,Tárki
24,jobbik,2014-12-01,Nézőpont
27,jobbik,2014-12-01,Medián
22,jobbik,2014-12-01,Századvég
20,jobbik,2015-01-01,Tárki
27,jobbik,2015-01-01,Nézőpont
,jobbik,2015-01-01,Medián
24,jobbik,2015-01-01,Századvég
,jobbik,2015-02-01,Tárki
28,jobbik,2015-02-01,Nézőpont
21,jobbik,2015-02-01,Medián
25,jobbik,2015-02-01,Századvég
,jobbik,2015-03-01,Tárki
23,jobbik,2015-03-01,Nézőpont
25,jobbik,2015-03-01,Medián
27,jobbik,2015-03-01,Századvég
24,jobbik,2015-04-01,Tárki
28,jobbik,2015-04-01,Nézőpont
,jobbik,2015-04-01,Medián
28,jobbik,2015-04-01,Századvég
,jobbik,2015-05-01,Tárki
25,jobbik,2015-05-01,Nézőpont
24,jobbik,2015-05-01,Medián
,jobbik,2015-05-01,Századvég
,jobbik,2015-06-01,Tárki
26,jobbik,2015-06-01,Nézőpont
,jobbik,2015-06-01,Medián
27,jobbik,2015-06-01,Századvég
24,jobbik,2015-07-01,Tárki
26,jobbik,2015-07-01,Nézőpont
,jobbik,2015-07-01,Medián
,jobbik,2015-07-01,Századvég
,jobbik,2015-08-01,Tárki
26,jobbik,2015-08-01,Nézőpont
,jobbik,2015-08-01,Medián
,jobbik,2015-08-01,Századvég
,jobbik,2015-09-01,Tárki
26,jobbik,2015-09-01,Nézőpont
22,jobbik,2015-09-01,Medián
26,jobbik,2015-09-01,Századvég
23,jobbik,2015-10-01,Tárki
22,jobbik,2015-10-01,Nézőpont
,jobbik,2015-10-01,Medián
,jobbik,2015-10-01,Századvég
,jobbik,2015-11-01,Tárki
22,jobbik,2015-11-01,Nézőpont
21,jobbik,2015-11-01,Medián
,jobbik,2015-11-01,Századvég
,jobbik,2015-12-01,Tárki
21,jobbik,2015-12-01,Nézőpont
,jobbik,2015-12-01,Medián
,jobbik,2015-12-01,Századvég
12,jobbik,2016-01-01,Tárki
23,jobbik,2016-01-01,Nézőpont
19,jobbik,2016-01-01,Medián
22,jobbik,2016-01-01,Századvég
,jobbik,2016-02-01,Tárki
23,jobbik,2016-02-01,Nézőpont
25,jobbik,2016-02-01,Medián
23,jobbik,2016-02-01,Századvég
,jobbik,2016-03-01,Tárki
,jobbik,2016-03-01,Nézőpont
,jobbik,2016-03-01,Medián
,jobbik,2016-03-01,Századvég
20,jobbik,2016-04-01,Tárki
26,jobbik,2016-04-01,Nézőpont
18,jobbik,2016-04-01,Medián
,jobbik,2016-04-01,Századvég
,jobbik,2016-05-01,Tárki
27,jobbik,2016-05-01,Nézőpont
,jobbik,2016-05-01,Medián
,jobbik,2016-05-01,Századvég
,jobbik,2016-06-01,Tárki
24,jobbik,2016-06-01,Nézőpont
15,jobbik,2016-06-01,Medián
24,jobbik,2016-06-01,Századvég
22,jobbik,2016-07-01,Tárki
21,jobbik,2016-07-01,Nézőpont
,jobbik,2016-07-01,Medián
23,jobbik,2016-07-01,Századvég
,jobbik,2016-08-01,Tárki
22,jobbik,2016-08-01,Nézőpont
,jobbik,2016-08-01,Medián
,jobbik,2016-08-01,Századvég
,jobbik,2016-09-01,Tárki
20,jobbik,2016-09-01,Nézőpont
17,jobbik,2016-09-01,Medián
21,jobbik,2016-09-01,Századvég
17,jobbik,2016-10-01,Tárki
23,jobbik,2016-10-01,Nézőpont
,jobbik,2016-10-01,Medián
,jobbik,2016-10-01,Századvég
,jobbik,2016-11-01,Tárki
25,jobbik,2016-11-01,Nézőpont
16,jobbik,2016-11-01,Medián
,jobbik,2016-11-01,Századvég
,jobbik,2016-12-01,Tárki
,jobbik,2016-12-01,Nézőpont
,jobbik,2016-12-01,Medián
19,jobbik,2016-12-01,Századvég
20,jobbik,2017-01-01,Tárki
18,jobbik,2017-01-01,Nézőpont
13,jobbik,2017-01-01,Medián
,jobbik,2017-01-01,Századvég
,jobbik,2017-02-01,Tárki
21,jobbik,2017-02-01,Nézőpont
,jobbik,2017-02-01,Medián
19,jobbik,2017-02-01,Századvég
,jobbik,2017-03-01,Tárki
16,jobbik,2017-03-01,Nézőpont
,jobbik,2017-03-01,Medián
,jobbik,2017-03-01,Századvég
17,jobbik,2017-04-01,Tárki
20,jobbik,2017-04-01,Nézőpont
20,jobbik,2017-04-01,Medián
19,jobbik,2017-04-01,Századvég
,jobbik,2017-05-01,Tárki
21,jobbik,2017-05-01,Nézőpont
,jobbik,2017-05-01,Medián
18,jobbik,2017-05-01,Századvég
,jobbik,2017-06-01,Tárki
23,jobbik,2017-06-01,Nézőpont
21,jobbik,2017-06-01,Medián
,jobbik,2017-06-01,Századvég
17,jobbik,2017-07-01,Tárki
23,jobbik,2017-07-01,Nézőpont
,jobbik,2017-07-01,Medián
19,jobbik,2017-07-01,Századvég
,jobbik,2017-08-01,Tárki
22,jobbik,2017-08-01,Nézőpont
,jobbik,2017-08-01,Medián
18,jobbik,2017-08-01,Századvég
,jobbik,2017-09-01,Tárki
21,jobbik,2017-09-01,Nézőpont
16,jobbik,2017-09-01,Medián
16,jobbik,2017-09-01,Századvég
15,jobbik,2017-10-01,Tárki
19,jobbik,2017-10-01,Nézőpont
14,jobbik,2017-10-01,Medián
16,jobbik,2017-10-01,Századvég
,jobbik,2017-11-01,Tárki
16,jobbik,2017-11-01,Nézőpont
15,jobbik,2017-11-01,Medián
15,jobbik,2017-11-01,Századvég
,jobbik,2017-12-01,Tárki
14,jobbik,2017-12-01,Nézőpont
,jobbik,2017-12-01,Medián
16,jobbik,2017-12-01,Századvég
14,jobbik,2018-01-01,Tárki
13,jobbik,2018-01-01,Nézőpont
18,jobbik,2018-01-01,Medián
16,jobbik,2018-01-01,Századvég
5,lmp,2010-05-01,Tárki
,lmp,2010-05-01,Nézőpont
4,lmp,2010-05-01,Medián
,lmp,2010-05-01,Századvég
6,lmp,2010-06-01,Tárki
,lmp,2010-06-01,Nézőpont
4,lmp,2010-06-01,Medián
,lmp,2010-06-01,Századvég
6,lmp,2010-07-01,Tárki
,lmp,2010-07-01,Nézőpont
6,lmp,2010-07-01,Medián
8,lmp,2010-07-01,Századvég
,lmp,2010-08-01,Tárki
,lmp,2010-08-01,Nézőpont
5,lmp,2010-08-01,Medián
7,lmp,2010-08-01,Századvég
5,lmp,2010-09-01,Tárki
4,lmp,2010-09-01,Nézőpont
5,lmp,2010-09-01,Medián
6,lmp,2010-09-01,Századvég
4,lmp,2010-10-01,Tárki
2,lmp,2010-10-01,Nézőpont
4,lmp,2010-10-01,Medián
5,lmp,2010-10-01,Századvég
3,lmp,2010-11-01,Tárki
3,lmp,2010-11-01,Nézőpont
5,lmp,2010-11-01,Medián
6,lmp,2010-11-01,Századvég
5,lmp,2010-12-01,Tárki
5,lmp,2010-12-01,Nézőpont
4,lmp,2010-12-01,Medián
5,lmp,2010-12-01,Századvég
5,lmp,2011-01-01,Tárki
7,lmp,2011-01-01,Nézőpont
3,lmp,2011-01-01,Medián
6,lmp,2011-01-01,Századvég
6,lmp,2011-02-01,Tárki
8,lmp,2011-02-01,Nézőpont
3,lmp,2011-02-01,Medián
,lmp,2011-02-01,Századvég
7,lmp,2011-03-01,Tárki
9,lmp,2011-03-01,Nézőpont
4,lmp,2011-03-01,Medián
8,lmp,2011-03-01,Századvég
5,lmp,2011-04-01,Tárki
9,lmp,2011-04-01,Nézőpont
5,lmp,2011-04-01,Medián
,lmp,2011-04-01,Századvég
5,lmp,2011-05-01,Tárki
11,lmp,2011-05-01,Nézőpont
5,lmp,2011-05-01,Medián
6,lmp,2011-05-01,Századvég
3,lmp,2011-06-01,Tárki
12,lmp,2011-06-01,Nézőpont
6,lmp,2011-06-01,Medián
10,lmp,2011-06-01,Századvég
6,lmp,2011-07-01,Tárki
11,lmp,2011-07-01,Nézőpont
6,lmp,2011-07-01,Medián
,lmp,2011-07-01,Századvég
,lmp,2011-08-01,Tárki
7,lmp,2011-08-01,Nézőpont
8,lmp,2011-08-01,Medián
,lmp,2011-08-01,Századvég
4,lmp,2011-09-01,Tárki
5,lmp,2011-09-01,Nézőpont
9,lmp,2011-09-01,Medián
,lmp,2011-09-01,Századvég
7,lmp,2011-10-01,Tárki
6,lmp,2011-10-01,Nézőpont
6,lmp,2011-10-01,Medián
9,lmp,2011-10-01,Századvég
3,lmp,2011-11-01,Tárki
5,lmp,2011-11-01,Nézőpont
6,lmp,2011-11-01,Medián
,lmp,2011-11-01,Századvég
7,lmp,2011-12-01,Tárki
7,lmp,2011-12-01,Nézőpont
,lmp,2011-12-01,Medián
7,lmp,2011-12-01,Századvég
9,lmp,2012-01-01,Tárki
7,lmp,2012-01-01,Nézőpont
,lmp,2012-01-01,Medián
8,lmp,2012-01-01,Századvég
4,lmp,2012-02-01,Tárki
8,lmp,2012-02-01,Nézőpont
8,lmp,2012-02-01,Medián
7,lmp,2012-02-01,Századvég
5,lmp,2012-03-01,Tárki
9,lmp,2012-03-01,Nézőpont
6,lmp,2012-03-01,Medián
7,lmp,2012-03-01,Századvég
8,lmp,2012-04-01,Tárki
8,lmp,2012-04-01,Nézőpont
,lmp,2012-04-01,Medián
7,lmp,2012-04-01,Századvég
7,lmp,2012-05-01,Tárki
6,lmp,2012-05-01,Nézőpont
,lmp,2012-05-01,Medián
9,lmp,2012-05-01,Századvég
7,lmp,2012-06-01,Tárki
9,lmp,2012-06-01,Nézőpont
,lmp,2012-06-01,Medián
8,lmp,2012-06-01,Századvég
8,lmp,2012-07-01,Tárki
6,lmp,2012-07-01,Nézőpont
,lmp,2012-07-01,Medián
8,lmp,2012-07-01,Századvég
,lmp,2012-08-01,Tárki
8,lmp,2012-08-01,Nézőpont
,lmp,2012-08-01,Medián
8,lmp,2012-08-01,Századvég
8,lmp,2012-09-01,Tárki
6,lmp,2012-09-01,Nézőpont
,lmp,2012-09-01,Medián
7,lmp,2012-09-01,Századvég
6,lmp,2012-10-01,Tárki
6,lmp,2012-10-01,Nézőpont
,lmp,2012-10-01,Medián
7,lmp,2012-10-01,Századvég
3,lmp,2012-11-01,Tárki
5,lmp,2012-11-01,Nézőpont
,lmp,2012-11-01,Medián
5,lmp,2012-11-01,Századvég
4,lmp,2012-12-01,Tárki
6,lmp,2012-12-01,Nézőpont
3,lmp,2012-12-01,Medián
6,lmp,2012-12-01,Századvég
3,lmp,2013-01-01,Tárki
4,lmp,2013-01-01,Nézőpont
3,lmp,2013-01-01,Medián
5,lmp,2013-01-01,Századvég
2,lmp,2013-02-01,Tárki
3,lmp,2013-02-01,Nézőpont
6,lmp,2013-02-01,Medián
4,lmp,2013-02-01,Századvég
1,lmp,2013-03-01,Tárki
2,lmp,2013-03-01,Nézőpont
2,lmp,2013-03-01,Medián
3,lmp,2013-03-01,Századvég
3,lmp,2013-04-01,Tárki
5,lmp,2013-04-01,Nézőpont
2,lmp,2013-04-01,Medián
2,lmp,2013-04-01,Századvég
4,lmp,2013-05-01,Tárki
7,lmp,2013-05-01,Nézőpont
3,lmp,2013-05-01,Medián
2,lmp,2013-05-01,Századvég
5,lmp,2013-06-01,Tárki
4,lmp,2013-06-01,Nézőpont
,lmp,2013-06-01,Medián
3,lmp,2013-06-01,Századvég
3,lmp,2013-07-01,Tárki
5,lmp,2013-07-01,Nézőpont
3,lmp,2013-07-01,Medián
,lmp,2013-07-01,Századvég
,lmp,2013-08-01,Tárki
6,lmp,2013-08-01,Nézőpont
,lmp,2013-08-01,Medián
3,lmp,2013-08-01,Századvég
3,lmp,2013-09-01,Tárki
6,lmp,2013-09-01,Nézőpont
2,lmp,2013-09-01,Medián
2,lmp,2013-09-01,Századvég
2,lmp,2013-10-01,Tárki
6,lmp,2013-10-01,Nézőpont
2,lmp,2013-10-01,Medián
2,lmp,2013-10-01,Századvég
4,lmp,2013-11-01,Tárki
6,lmp,2013-11-01,Nézőpont
3,lmp,2013-11-01,Medián
3,lmp,2013-11-01,Századvég
4,lmp,2013-12-01,Tárki
3,lmp,2013-12-01,Nézőpont
1,lmp,2013-12-01,Medián
2,lmp,2013-12-01,Századvég
2,lmp,2014-01-01,Tárki
3,lmp,2014-01-01,Nézőpont
2,lmp,2014-01-01,Medián
6,lmp,2014-01-01,Századvég
6,lmp,2014-02-01,Tárki
,lmp,2014-02-01,Nézőpont
3,lmp,2014-02-01,Medián
5,lmp,2014-02-01,Századvég
6,lmp,2014-03-01,Tárki
,lmp,2014-03-01,Nézőpont
3,lmp,2014-03-01,Medián
,lmp,2014-03-01,Századvég
4,lmp,2014-05-01,Tárki
8,lmp,2014-05-01,Nézőpont
4,lmp,2014-05-01,Medián
,lmp,2014-05-01,Századvég
4,lmp,2014-06-01,Tárki
7,lmp,2014-06-01,Nézőpont
,lmp,2014-06-01,Medián
,lmp,2014-06-01,Századvég
3,lmp,2014-07-01,Tárki
8,lmp,2014-07-01,Nézőpont
,lmp,2014-07-01,Medián
4,lmp,2014-07-01,Századvég
3,lmp,2014-08-01,Tárki
9,lmp,2014-08-01,Nézőpont
,lmp,2014-08-01,Medián
,lmp,2014-08-01,Századvég
4,lmp,2014-09-01,Tárki
6,lmp,2014-09-01,Nézőpont
3,lmp,2014-09-01,Medián
3,lmp,2014-09-01,Századvég
3,lmp,2014-10-01,Tárki
5,lmp,2014-10-01,Nézőpont
,lmp,2014-10-01,Medián
,lmp,2014-10-01,Századvég
5,lmp,2014-11-01,Tárki
8,lmp,2014-11-01,Nézőpont
,lmp,2014-11-01,Medián
,lmp,2014-11-01,Századvég
,lmp,2014-12-01,Tárki
8,lmp,2014-12-01,Nézőpont
4,lmp,2014-12-01,Medián
6,lmp,2014-12-01,Századvég
5,lmp,2015-01-01,Tárki
8,lmp,2015-01-01,Nézőpont
,lmp,2015-01-01,Medián
5,lmp,2015-01-01,Századvég
,lmp,2015-02-01,Tárki
5,lmp,2015-02-01,Nézőpont
5,lmp,2015-02-01,Medián
4,lmp,2015-02-01,Századvég
,lmp,2015-03-01,Tárki
7,lmp,2015-03-01,Nézőpont
4,lmp,2015-03-01,Medián
5,lmp,2015-03-01,Századvég
5,lmp,2015-04-01,Tárki
7,lmp,2015-04-01,Nézőpont
,lmp,2015-04-01,Medián
6,lmp,2015-04-01,Századvég
,lmp,2015-05-01,Tárki
7,lmp,2015-05-01,Nézőpont
5,lmp,2015-05-01,Medián
,lmp,2015-05-01,Századvég
,lmp,2015-06-01,Tárki
5,lmp,2015-06-01,Nézőpont
,lmp,2015-06-01,Medián
6,lmp,2015-06-01,Századvég
4,lmp,2015-07-01,Tárki
6,lmp,2015-07-01,Nézőpont
,lmp,2015-07-01,Medián
,lmp,2015-07-01,Századvég
,lmp,2015-08-01,Tárki
7,lmp,2015-08-01,Nézőpont
,lmp,2015-08-01,Medián
,lmp,2015-08-01,Századvég
,lmp,2015-09-01,Tárki
6,lmp,2015-09-01,Nézőpont
3,lmp,2015-09-01,Medián
5,lmp,2015-09-01,Századvég
4,lmp,2015-10-01,Tárki
5,lmp,2015-10-01,Nézőpont
,lmp,2015-10-01,Medián
,lmp,2015-10-01,Századvég
,lmp,2015-11-01,Tárki
6,lmp,2015-11-01,Nézőpont
4,lmp,2015-11-01,Medián
,lmp,2015-11-01,Századvég
,lmp,2015-12-01,Tárki
4,lmp,2015-12-01,Nézőpont
,lmp,2015-12-01,Medián
,lmp,2015-12-01,Századvég
4,lmp,2016-01-01,Tárki
5,lmp,2016-01-01,Nézőpont
2,lmp,2016-01-01,Medián
5,lmp,2016-01-01,Századvég
,lmp,2016-02-01,Tárki
5,lmp,2016-02-01,Nézőpont
3,lmp,2016-02-01,Medián
4,lmp,2016-02-01,Századvég
,lmp,2016-03-01,Tárki
,lmp,2016-03-01,Nézőpont
,lmp,2016-03-01,Medián
,lmp,2016-03-01,Századvég
5,lmp,2016-04-01,Tárki
7,lmp,2016-04-01,Nézőpont
3,lmp,2016-04-01,Medián
,lmp,2016-04-01,Századvég
,lmp,2016-05-01,Tárki
6,lmp,2016-05-01,Nézőpont
,lmp,2016-05-01,Medián
,lmp,2016-05-01,Századvég
,lmp,2016-06-01,Tárki
7,lmp,2016-06-01,Nézőpont
4,lmp,2016-06-01,Medián
4,lmp,2016-06-01,Századvég
4,lmp,2016-07-01,Tárki
7,lmp,2016-07-01,Nézőpont
,lmp,2016-07-01,Medián
5,lmp,2016-07-01,Századvég
,lmp,2016-08-01,Tárki
6,lmp,2016-08-01,Nézőpont
,lmp,2016-08-01,Medián
,lmp,2016-08-01,Századvég
,lmp,2016-09-01,Tárki
4,lmp,2016-09-01,Nézőpont
3,lmp,2016-09-01,Medián
6,lmp,2016-09-01,Századvég
3,lmp,2016-10-01,Tárki
3,lmp,2016-10-01,Nézőpont
,lmp,2016-10-01,Medián
,lmp,2016-10-01,Századvég
,lmp,2016-11-01,Tárki
3,lmp,2016-11-01,Nézőpont
3,lmp,2016-11-01,Medián
,lmp,2016-11-01,Századvég
,lmp,2016-12-01,Tárki
,lmp,2016-12-01,Nézőpont
,lmp,2016-12-01,Medián
6,lmp,2016-12-01,Századvég
4,lmp,2017-01-01,Tárki
5,lmp,2017-01-01,Nézőpont
3,lmp,2017-01-01,Medián
,lmp,2017-01-01,Századvég
,lmp,2017-02-01,Tárki
4,lmp,2017-02-01,Nézőpont
,lmp,2017-02-01,Medián
5,lmp,2017-02-01,Századvég
,lmp,2017-03-01,Tárki
6,lmp,2017-03-01,Nézőpont
,lmp,2017-03-01,Medián
,lmp,2017-03-01,Századvég
4,lmp,2017-04-01,Tárki
5,lmp,2017-04-01,Nézőpont
3,lmp,2017-04-01,Medián
5,lmp,2017-04-01,Századvég
,lmp,2017-05-01,Tárki
5,lmp,2017-05-01,Nézőpont
,lmp,2017-05-01,Medián
5,lmp,2017-05-01,Századvég
,lmp,2017-06-01,Tárki
4,lmp,2017-06-01,Nézőpont
3,lmp,2017-06-01,Medián
,lmp,2017-06-01,Századvég
3,lmp,2017-07-01,Tárki
4,lmp,2017-07-01,Nézőpont
,lmp,2017-07-01,Medián
5,lmp,2017-07-01,Századvég
,lmp,2017-08-01,Tárki
5,lmp,2017-08-01,Nézőpont
,lmp,2017-08-01,Medián
4,lmp,2017-08-01,Századvég
,lmp,2017-09-01,Tárki
6,lmp,2017-09-01,Nézőpont
7,lmp,2017-09-01,Medián
6,lmp,2017-09-01,Századvég
4,lmp,2017-10-01,Tárki
7,lmp,2017-10-01,Nézőpont
5,lmp,2017-10-01,Medián
7,lmp,2017-10-01,Századvég
,lmp,2017-11-01,Tárki
8,lmp,2017-11-01,Nézőpont
5,lmp,2017-11-01,Medián
8,lmp,2017-11-01,Századvég
,lmp,2017-12-01,Tárki
9,lmp,2017-12-01,Nézőpont
,lmp,2017-12-01,Medián
7,lmp,2017-12-01,Századvég
5,lmp,2018-01-01,Tárki
8,lmp,2018-01-01,Nézőpont
6,lmp,2018-01-01,Medián
8,lmp,2018-01-01,Századvég
12,egyutt,2012-11-01,Tárki
8,egyutt,2012-11-01,Nézőpont
22,egyutt,2012-11-01,Medián
,egyutt,2012-11-01,Századvég
10,egyutt,2012-12-01,Tárki
8,egyutt,2012-12-01,Nézőpont
16,egyutt,2012-12-01,Medián
,egyutt,2012-12-01,Századvég
5,egyutt,2013-01-01,Tárki
12,egyutt,2013-01-01,Nézőpont
7,egyutt,2013-01-01,Medián
,egyutt,2013-01-01,Századvég
8,egyutt,2013-02-01,Tárki
9,egyutt,2013-02-01,Nézőpont
15,egyutt,2013-02-01,Medián
6,egyutt,2013-02-01,Századvég
11,egyutt,2013-03-01,Tárki
8,egyutt,2013-03-01,Nézőpont
8,egyutt,2013-03-01,Medián
8,egyutt,2013-03-01,Századvég
7,egyutt,2013-04-01,Tárki
10,egyutt,2013-04-01,Nézőpont
11,egyutt,2013-04-01,Medián
7,egyutt,2013-04-01,Századvég
10,egyutt,2013-05-01,Tárki
12,egyutt,2013-05-01,Nézőpont
10,egyutt,2013-05-01,Medián
10,egyutt,2013-05-01,Századvég
7,egyutt,2013-06-01,Tárki
12,egyutt,2013-06-01,Nézőpont
,egyutt,2013-06-01,Medián
8,egyutt,2013-06-01,Századvég
8,egyutt,2013-07-01,Tárki
11,egyutt,2013-07-01,Nézőpont
12,egyutt,2013-07-01,Medián
,egyutt,2013-07-01,Századvég
,egyutt,2013-08-01,Tárki
9,egyutt,2013-08-01,Nézőpont
,egyutt,2013-08-01,Medián
8,egyutt,2013-08-01,Századvég
6,egyutt,2013-09-01,Tárki
8,egyutt,2013-09-01,Nézőpont
8,egyutt,2013-09-01,Medián
6,egyutt,2013-09-01,Századvég
7,egyutt,2013-10-01,Tárki
7,egyutt,2013-10-01,Nézőpont
7,egyutt,2013-10-01,Medián
5,egyutt,2013-10-01,Századvég
7,egyutt,2013-11-01,Tárki
10,egyutt,2013-11-01,Nézőpont
6,egyutt,2013-11-01,Medián
4,egyutt,2013-11-01,Századvég
7,egyutt,2013-12-01,Tárki
10,egyutt,2013-12-01,Nézőpont
8,egyutt,2013-12-01,Medián
4,egyutt,2013-12-01,Századvég
6,egyutt,2014-01-01,Tárki
10,egyutt,2014-01-01,Nézőpont
,egyutt,2014-01-01,Medián
5,egyutt,2014-01-01,Századvég
,egyutt,2014-02-01,Tárki
,egyutt,2014-02-01,Nézőpont
,egyutt,2014-02-01,Medián
,egyutt,2014-02-01,Századvég
,egyutt,2014-03-01,Tárki
,egyutt,2014-03-01,Nézőpont
,egyutt,2014-03-01,Medián
,egyutt,2014-03-01,Századvég
3,egyutt,2014-05-01,Tárki
6,egyutt,2014-05-01,Nézőpont
4,egyutt,2014-05-01,Medián
,egyutt,2014-05-01,Századvég
4,egyutt,2014-06-01,Tárki
6,egyutt,2014-06-01,Nézőpont
,egyutt,2014-06-01,Medián
,egyutt,2014-06-01,Századvég
6,egyutt,2014-07-01,Tárki
6,egyutt,2014-07-01,Nézőpont
,egyutt,2014-07-01,Medián
4,egyutt,2014-07-01,Századvég
6,egyutt,2014-08-01,Tárki
4,egyutt,2014-08-01,Nézőpont
,egyutt,2014-08-01,Medián
,egyutt,2014-08-01,Századvég
3,egyutt,2014-09-01,Tárki
5,egyutt,2014-09-01,Nézőpont
6,egyutt,2014-09-01,Medián
3,egyutt,2014-09-01,Századvég
2,egyutt,2014-10-01,Tárki
2,egyutt,2014-10-01,Nézőpont
,egyutt,2014-10-01,Medián
,egyutt,2014-10-01,Századvég
3,egyutt,2014-11-01,Tárki
4,egyutt,2014-11-01,Nézőpont
,egyutt,2014-11-01,Medián
,egyutt,2014-11-01,Századvég
,egyutt,2014-12-01,Tárki
4,egyutt,2014-12-01,Nézőpont
2,egyutt,2014-12-01,Medián
4,egyutt,2014-12-01,Századvég
4,egyutt,2015-01-01,Tárki
4,egyutt,2015-01-01,Nézőpont
,egyutt,2015-01-01,Medián
2,egyutt,2015-01-01,Századvég
,egyutt,2015-02-01,Tárki
0,egyutt,2015-02-01,Nézőpont
3,egyutt,2015-02-01,Medián
2,egyutt,2015-02-01,Századvég
,egyutt,2015-03-01,Tárki
3,egyutt,2015-03-01,Nézőpont
2,egyutt,2015-03-01,Medián
2,egyutt,2015-03-01,Századvég
1,egyutt,2015-04-01,Tárki
3,egyutt,2015-04-01,Nézőpont
,egyutt,2015-04-01,Medián
2,egyutt,2015-04-01,Századvég
,egyutt,2015-05-01,Tárki
3,egyutt,2015-05-01,Nézőpont
3,egyutt,2015-05-01,Medián
,egyutt,2015-05-01,Századvég
,egyutt,2015-06-01,Tárki
2,egyutt,2015-06-01,Nézőpont
,egyutt,2015-06-01,Medián
2,egyutt,2015-06-01,Századvég
2,egyutt,2015-07-01,Tárki
4,egyutt,2015-07-01,Nézőpont
,egyutt,2015-07-01,Medián
,egyutt,2015-07-01,Századvég
,egyutt,2015-08-01,Tárki
2,egyutt,2015-08-01,Nézőpont
,egyutt,2015-08-01,Medián
,egyutt,2015-08-01,Századvég
,egyutt,2015-09-01,Tárki
2,egyutt,2015-09-01,Nézőpont
3,egyutt,2015-09-01,Medián
2,egyutt,2015-09-01,Századvég
1,egyutt,2015-10-01,Tárki
2,egyutt,2015-10-01,Nézőpont
,egyutt,2015-10-01,Medián
,egyutt,2015-10-01,Századvég
,egyutt,2015-11-01,Tárki
2,egyutt,2015-11-01,Nézőpont
2,egyutt,2015-11-01,Medián
,egyutt,2015-11-01,Századvég
,egyutt,2015-12-01,Tárki
1,egyutt,2015-12-01,Nézőpont
,egyutt,2015-12-01,Medián
,egyutt,2015-12-01,Századvég
3,egyutt,2016-01-01,Tárki
2,egyutt,2016-01-01,Nézőpont
1,egyutt,2016-01-01,Medián
2,egyutt,2016-01-01,Századvég
,egyutt,2016-02-01,Tárki
2,egyutt,2016-02-01,Nézőpont
2,egyutt,2016-02-01,Medián
1,egyutt,2016-02-01,Századvég
,egyutt,2016-03-01,Tárki
,egyutt,2016-03-01,Nézőpont
,egyutt,2016-03-01,Medián
,egyutt,2016-03-01,Századvég
4,egyutt,2016-04-01,Tárki
3,egyutt,2016-04-01,Nézőpont
3,egyutt,2016-04-01,Medián
,egyutt,2016-04-01,Századvég
,egyutt,2016-05-01,Tárki
3,egyutt,2016-05-01,Nézőpont
,egyutt,2016-05-01,Medián
,egyutt,2016-05-01,Századvég
,egyutt,2016-06-01,Tárki
2,egyutt,2016-06-01,Nézőpont
2,egyutt,2016-06-01,Medián
1,egyutt,2016-06-01,Századvég
2,egyutt,2016-07-01,Tárki
2,egyutt,2016-07-01,Nézőpont
,egyutt,2016-07-01,Medián
1,egyutt,2016-07-01,Századvég
,egyutt,2016-08-01,Tárki
2,egyutt,2016-08-01,Nézőpont
,egyutt,2016-08-01,Medián
,egyutt,2016-08-01,Századvég
,egyutt,2016-09-01,Tárki
2,egyutt,2016-09-01,Nézőpont
3,egyutt,2016-09-01,Medián
2,egyutt,2016-09-01,Századvég
2,egyutt,2016-10-01,Tárki
3,egyutt,2016-10-01,Nézőpont
,egyutt,2016-10-01,Medián
,egyutt,2016-10-01,Századvég
,egyutt,2016-11-01,Tárki
2,egyutt,2016-11-01,Nézőpont
3,egyutt,2016-11-01,Medián
,egyutt,2016-11-01,Századvég
,egyutt,2016-12-01,Tárki
,egyutt,2016-12-01,Nézőpont
,egyutt,2016-12-01,Medián
2,egyutt,2016-12-01,Századvég
2,egyutt,2017-01-01,Tárki
2,egyutt,2017-01-01,Nézőpont
3,egyutt,2017-01-01,Medián
,egyutt,2017-01-01,Századvég
,egyutt,2017-02-01,Tárki
3,egyutt,2017-02-01,Nézőpont
,egyutt,2017-02-01,Medián
1,egyutt,2017-02-01,Századvég
,egyutt,2017-03-01,Tárki
1,egyutt,2017-03-01,Nézőpont
,egyutt,2017-03-01,Medián
,egyutt,2017-03-01,Századvég
1,egyutt,2017-04-01,Tárki
2,egyutt,2017-04-01,Nézőpont
2,egyutt,2017-04-01,Medián
1,egyutt,2017-04-01,Századvég
,egyutt,2017-05-01,Tárki
1,egyutt,2017-05-01,Nézőpont
,egyutt,2017-05-01,Medián
2,egyutt,2017-05-01,Századvég
,egyutt,2017-06-01,Tárki
2,egyutt,2017-06-01,Nézőpont
1,egyutt,2017-06-01,Medián
,egyutt,2017-06-01,Századvég
1,egyutt,2017-07-01,Tárki
2,egyutt,2017-07-01,Nézőpont
,egyutt,2017-07-01,Medián
1,egyutt,2017-07-01,Századvég
,egyutt,2017-08-01,Tárki
2,egyutt,2017-08-01,Nézőpont
,egyutt,2017-08-01,Medián
1,egyutt,2017-08-01,Századvég
,egyutt,2017-09-01,Tárki
2,egyutt,2017-09-01,Nézőpont
2,egyutt,2017-09-01,Medián
1,egyutt,2017-09-01,Századvég
1,egyutt,2017-10-01,Tárki
2,egyutt,2017-10-01,Nézőpont
1,egyutt,2017-10-01,Medián
1,egyutt,2017-10-01,Századvég
,egyutt,2017-11-01,Tárki
2,egyutt,2017-11-01,Nézőpont
1,egyutt,2017-11-01,Medián
1,egyutt,2017-11-01,Századvég
,egyutt,2017-12-01,Tárki
2,egyutt,2017-12-01,Nézőpont
,egyutt,2017-12-01,Medián
1,egyutt,2017-12-01,Századvég
2,egyutt,2018-01-01,Tárki
1,egyutt,2018-01-01,Nézőpont
1,egyutt,2018-01-01,Medián
1,egyutt,2018-01-01,Századvég
4,dk,2011-11-01,Tárki
,dk,2011-11-01,Nézőpont
4,dk,2011-11-01,Medián
,dk,2011-11-01,Századvég
4,dk,2011-12-01,Tárki
,dk,2011-12-01,Nézőpont
5,dk,2011-12-01,Medián
3,dk,2011-12-01,Századvég
4,dk,2012-01-01,Tárki
,dk,2012-01-01,Nézőpont
5,dk,2012-01-01,Medián
4,dk,2012-01-01,Századvég
6,dk,2012-02-01,Tárki
,dk,2012-02-01,Nézőpont
4,dk,2012-02-01,Medián
3,dk,2012-02-01,Századvég
5,dk,2012-03-01,Tárki
,dk,2012-03-01,Nézőpont
4,dk,2012-03-01,Medián
5,dk,2012-03-01,Századvég
7,dk,2012-04-01,Tárki
,dk,2012-04-01,Nézőpont
,dk,2012-04-01,Medián
3,dk,2012-04-01,Századvég
4,dk,2012-05-01,Tárki
,dk,2012-05-01,Nézőpont
,dk,2012-05-01,Medián
4,dk,2012-05-01,Századvég
3,dk,2012-06-01,Tárki
,dk,2012-06-01,Nézőpont
,dk,2012-06-01,Medián
4,dk,2012-06-01,Századvég
2,dk,2012-07-01,Tárki
,dk,2012-07-01,Nézőpont
,dk,2012-07-01,Medián
3,dk,2012-07-01,Századvég
,dk,2012-08-01,Tárki
,dk,2012-08-01,Nézőpont
,dk,2012-08-01,Medián
3,dk,2012-08-01,Századvég
8,dk,2012-09-01,Tárki
,dk,2012-09-01,Nézőpont
6,dk,2012-09-01,Medián
5,dk,2012-09-01,Századvég
2,dk,2012-10-01,Tárki
,dk,2012-10-01,Nézőpont
,dk,2012-10-01,Medián
3,dk,2012-10-01,Századvég
2,dk,2012-11-01,Tárki
,dk,2012-11-01,Nézőpont
,dk,2012-11-01,Medián
3,dk,2012-11-01,Századvég
2,dk,2012-12-01,Tárki
,dk,2012-12-01,Nézőpont
3,dk,2012-12-01,Medián
2,dk,2012-12-01,Századvég
3,dk,2013-01-01,Tárki
,dk,2013-01-01,Nézőpont
2,dk,2013-01-01,Medián
1,dk,2013-01-01,Századvég
1,dk,2013-02-01,Tárki
,dk,2013-02-01,Nézőpont
4,dk,2013-02-01,Medián
1,dk,2013-02-01,Századvég
3,dk,2013-03-01,Tárki
,dk,2013-03-01,Nézőpont
2,dk,2013-03-01,Medián
1,dk,2013-03-01,Századvég
0,dk,2013-04-01,Tárki
,dk,2013-04-01,Nézőpont
2,dk,2013-04-01,Medián
1,dk,2013-04-01,Századvég
3,dk,2013-05-01,Tárki
,dk,2013-05-01,Nézőpont
4,dk,2013-05-01,Medián
1,dk,2013-05-01,Századvég
1,dk,2013-06-01,Tárki
,dk,2013-06-01,Nézőpont
,dk,2013-06-01,Medián
1,dk,2013-06-01,Századvég
2,dk,2013-07-01,Tárki
,dk,2013-07-01,Nézőpont
3,dk,2013-07-01,Medián
,dk,2013-07-01,Századvég
,dk,2013-08-01,Tárki
,dk,2013-08-01,Nézőpont
,dk,2013-08-01,Medián
1,dk,2013-08-01,Századvég
5,dk,2013-09-01,Tárki
,dk,2013-09-01,Nézőpont
5,dk,2013-09-01,Medián
3,dk,2013-09-01,Századvég
5,dk,2013-10-01,Tárki
3,dk,2013-10-01,Nézőpont
4,dk,2013-10-01,Medián
5,dk,2013-10-01,Századvég
6,dk,2013-11-01,Tárki
4,dk,2013-11-01,Nézőpont
6,dk,2013-11-01,Medián
4,dk,2013-11-01,Századvég
7,dk,2013-12-01,Tárki
8,dk,2013-12-01,Nézőpont
6,dk,2013-12-01,Medián
4,dk,2013-12-01,Századvég
6,dk,2014-01-01,Tárki
8,dk,2014-01-01,Nézőpont
,dk,2014-01-01,Medián
4,dk,2014-01-01,Századvég
,dk,2014-02-01,Tárki
,dk,2014-02-01,Nézőpont
,dk,2014-02-01,Medián
,dk,2014-02-01,Századvég
,dk,2014-03-01,Tárki
,dk,2014-03-01,Nézőpont
,dk,2014-03-01,Medián
,dk,2014-03-01,Századvég
4,dk,2014-05-01,Tárki
6,dk,2014-05-01,Nézőpont
2,dk,2014-05-01,Medián
,dk,2014-05-01,Századvég
6,dk,2014-06-01,Tárki
7,dk,2014-06-01,Nézőpont
,dk,2014-06-01,Medián
,dk,2014-06-01,Századvég
4,dk,2014-07-01,Tárki
8,dk,2014-07-01,Nézőpont
,dk,2014-07-01,Medián
7,dk,2014-07-01,Századvég
4,dk,2014-08-01,Tárki
8,dk,2014-08-01,Nézőpont
,dk,2014-08-01,Medián
,dk,2014-08-01,Századvég
6,dk,2014-09-01,Tárki
12,dk,2014-09-01,Nézőpont
4,dk,2014-09-01,Medián
6,dk,2014-09-01,Századvég
5,dk,2014-10-01,Tárki
11,dk,2014-10-01,Nézőpont
,dk,2014-10-01,Medián
,dk,2014-10-01,Századvég
5,dk,2014-11-01,Tárki
11,dk,2014-11-01,Nézőpont
,dk,2014-11-01,Medián
,dk,2014-11-01,Századvég
,dk,2014-12-01,Tárki
9,dk,2014-12-01,Nézőpont
6,dk,2014-12-01,Medián
4,dk,2014-12-01,Századvég
10,dk,2015-01-01,Tárki
6,dk,2015-01-01,Nézőpont
,dk,2015-01-01,Medián
4,dk,2015-01-01,Századvég
,dk,2015-02-01,Tárki
8,dk,2015-02-01,Nézőpont
7,dk,2015-02-01,Medián
4,dk,2015-02-01,Századvég
,dk,2015-03-01,Tárki
12,dk,2015-03-01,Nézőpont
10,dk,2015-03-01,Medián
6,dk,2015-03-01,Századvég
9,dk,2015-04-01,Tárki
10,dk,2015-04-01,Nézőpont
,dk,2015-04-01,Medián
,dk,2015-04-01,Századvég
,dk,2015-05-01,Tárki
10,dk,2015-05-01,Nézőpont
9,dk,2015-05-01,Medián
8,dk,2015-05-01,Századvég
,dk,2015-06-01,Tárki
11,dk,2015-06-01,Nézőpont
,dk,2015-06-01,Medián
8,dk,2015-06-01,Századvég
8,dk,2015-07-01,Tárki
9,dk,2015-07-01,Nézőpont
,dk,2015-07-01,Medián
,dk,2015-07-01,Századvég
,dk,2015-08-01,Tárki
13,dk,2015-08-01,Nézőpont
,dk,2015-08-01,Medián
,dk,2015-08-01,Századvég
,dk,2015-09-01,Tárki
8,dk,2015-09-01,Nézőpont
6,dk,2015-09-01,Medián
8,dk,2015-09-01,Századvég
6,dk,2015-10-01,Tárki
9,dk,2015-10-01,Nézőpont
,dk,2015-10-01,Medián
,dk,2015-10-01,Századvég
,dk,2015-11-01,Tárki
7,dk,2015-11-01,Nézőpont
9,dk,2015-11-01,Medián
,dk,2015-11-01,Századvég
,dk,2015-12-01,Tárki
9,dk,2015-12-01,Nézőpont
,dk,2015-12-01,Medián
,dk,2015-12-01,Századvég
6,dk,2016-01-01,Tárki
7,dk,2016-01-01,Nézőpont
7,dk,2016-01-01,Medián
10,dk,2016-01-01,Századvég
,dk,2016-02-01,Tárki
10,dk,2016-02-01,Nézőpont
9,dk,2016-02-01,Medián
6,dk,2016-02-01,Századvég
,dk,2016-03-01,Tárki
,dk,2016-03-01,Nézőpont
,dk,2016-03-01,Medián
,dk,2016-03-01,Századvég
7,dk,2016-04-01,Tárki
7,dk,2016-04-01,Nézőpont
11,dk,2016-04-01,Medián
,dk,2016-04-01,Századvég
,dk,2016-05-01,Tárki
7,dk,2016-05-01,Nézőpont
,dk,2016-05-01,Medián
,dk,2016-05-01,Századvég
,dk,2016-06-01,Tárki
10,dk,2016-06-01,Nézőpont
7,dk,2016-06-01,Medián
8,dk,2016-06-01,Századvég
8,dk,2016-07-01,Tárki
8,dk,2016-07-01,Nézőpont
,dk,2016-07-01,Medián
7,dk,2016-07-01,Századvég
,dk,2016-08-01,Tárki
9,dk,2016-08-01,Nézőpont
,dk,2016-08-01,Medián
,dk,2016-08-01,Századvég
,dk,2016-09-01,Tárki
7,dk,2016-09-01,Nézőpont
5,dk,2016-09-01,Medián
6,dk,2016-09-01,Századvég
6,dk,2016-10-01,Tárki
7,dk,2016-10-01,Nézőpont
,dk,2016-10-01,Medián
,dk,2016-10-01,Századvég
,dk,2016-11-01,Tárki
7,dk,2016-11-01,Nézőpont
9,dk,2016-11-01,Medián
,dk,2016-11-01,Századvég
,dk,2016-12-01,Tárki
,dk,2016-12-01,Nézőpont
,dk,2016-12-01,Medián
6,dk,2016-12-01,Századvég
6,dk,2017-01-01,Tárki
7,dk,2017-01-01,Nézőpont
7,dk,2017-01-01,Medián
,dk,2017-01-01,Századvég
,dk,2017-02-01,Tárki
7,dk,2017-02-01,Nézőpont
,dk,2017-02-01,Medián
5,dk,2017-02-01,Századvég
,dk,2017-03-01,Tárki
6,dk,2017-03-01,Nézőpont
,dk,2017-03-01,Medián
,dk,2017-03-01,Századvég
8,dk,2017-04-01,Tárki
6,dk,2017-04-01,Nézőpont
8,dk,2017-04-01,Medián
5,dk,2017-04-01,Századvég
,dk,2017-05-01,Tárki
5,dk,2017-05-01,Nézőpont
,dk,2017-05-01,Medián
5,dk,2017-05-01,Századvég
,dk,2017-06-01,Tárki
5,dk,2017-06-01,Nézőpont
6,dk,2017-06-01,Medián
,dk,2017-06-01,Századvég
5,dk,2017-07-01,Tárki
6,dk,2017-07-01,Nézőpont
,dk,2017-07-01,Medián
5,dk,2017-07-01,Századvég
,dk,2017-08-01,Tárki
7,dk,2017-08-01,Nézőpont
,dk,2017-08-01,Medián
5,dk,2017-08-01,Századvég
,dk,2017-09-01,Tárki
8,dk,2017-09-01,Nézőpont
5,dk,2017-09-01,Medián
5,dk,2017-09-01,Századvég
5,dk,2017-10-01,Tárki
8,dk,2017-10-01,Nézőpont
7,dk,2017-10-01,Medián
5,dk,2017-10-01,Századvég
,dk,2017-11-01,Tárki
8,dk,2017-11-01,Nézőpont
7,dk,2017-11-01,Medián
5,dk,2017-11-01,Századvég
,dk,2017-12-01,Tárki
9,dk,2017-12-01,Nézőpont
,dk,2017-12-01,Medián
5,dk,2017-12-01,Századvég
6,dk,2018-01-01,Tárki
8,dk,2018-01-01,Nézőpont
9,dk,2018-01-01,Medián
6,dk,2018-01-01,Századvég
0,liberalis,2016-12-01,Publicus
,liberalis,2016-12-01,Tárki
,liberalis,2016-12-01,Nézőpont
,liberalis,2016-12-01,Medián
0,liberalis,2016-12-01,Századvég
0,liberalis,2017-01-01,Publicus
0,liberalis,2017-01-01,Tárki
2,liberalis,2017-01-01,Nézőpont
0,liberalis,2017-01-01,Medián
,liberalis,2017-01-01,Századvég
0,liberalis,2017-02-01,Publicus
,liberalis,2017-02-01,Tárki
2,liberalis,2017-02-01,Nézőpont
,liberalis,2017-02-01,Medián
0,liberalis,2017-02-01,Századvég
0,liberalis,2017-03-01,Publicus
,liberalis,2017-03-01,Tárki
1,liberalis,2017-03-01,Nézőpont
,liberalis,2017-03-01,Medián
,liberalis,2017-03-01,Századvég
0,liberalis,2017-04-01,Publicus
0,liberalis,2017-04-01,Tárki
2,liberalis,2017-04-01,Nézőpont
1,liberalis,2017-04-01,Medián
0,liberalis,2017-04-01,Századvég
0,liberalis,2017-05-01,Publicus
,liberalis,2017-05-01,Tárki
2,liberalis,2017-05-01,Nézőpont
,liberalis,2017-05-01,Medián
0,liberalis,2017-05-01,Századvég
0,liberalis,2017-06-01,Publicus
,liberalis,2017-06-01,Tárki
1,liberalis,2017-06-01,Nézőpont
0,liberalis,2017-06-01,Medián
,liberalis,2017-06-01,Századvég
0,liberalis,2017-07-01,Publicus
0,liberalis,2017-07-01,Tárki
1,liberalis,2017-07-01,Nézőpont
,liberalis,2017-07-01,Medián
0,liberalis,2017-07-01,Századvég
0,liberalis,2017-08-01,Publicus
,liberalis,2017-08-01,Tárki
1,liberalis,2017-08-01,Nézőpont
,liberalis,2017-08-01,Medián
0,liberalis,2017-08-01,Századvég
0,liberalis,2017-09-01,Publicus
,liberalis,2017-09-01,Tárki
1,liberalis,2017-09-01,Nézőpont
0,liberalis,2017-09-01,Medián
0,liberalis,2017-09-01,Századvég
0,liberalis,2017-10-01,Publicus
0,liberalis,2017-10-01,Tárki
1,liberalis,2017-10-01,Nézőpont
0,liberalis,2017-10-01,Medián
0,liberalis,2017-10-01,Századvég
0,liberalis,2017-11-01,Publicus
,liberalis,2017-11-01,Tárki
1,liberalis,2017-11-01,Nézőpont
0,liberalis,2017-11-01,Medián
0,liberalis,2017-11-01,Századvég
0,liberalis,2017-12-01,Publicus
,liberalis,2017-12-01,Tárki
1,liberalis,2017-12-01,Nézőpont
,liberalis,2017-12-01,Medián
0,liberalis,2017-12-01,Századvég
0,liberalis,2018-01-01,Publicus
0,liberalis,2018-01-01,Tárki
1,liberalis,2018-01-01,Nézőpont
0,liberalis,2018-01-01,Medián
0,liberalis,2018-01-01,Századvég
1,ketfarku,2016-12-01,Publicus
,ketfarku,2016-12-01,Tárki
,ketfarku,2016-12-01,Nézőpont
,ketfarku,2016-12-01,Medián
0,ketfarku,2016-12-01,Századvég
1,ketfarku,2017-01-01,Publicus
0,ketfarku,2017-01-01,Tárki
3,ketfarku,2017-01-01,Nézőpont
1,ketfarku,2017-01-01,Medián
,ketfarku,2017-01-01,Századvég
1,ketfarku,2017-02-01,Publicus
,ketfarku,2017-02-01,Tárki
2,ketfarku,2017-02-01,Nézőpont
,ketfarku,2017-02-01,Medián
0,ketfarku,2017-02-01,Századvég
1,ketfarku,2017-03-01,Publicus
,ketfarku,2017-03-01,Tárki
2,ketfarku,2017-03-01,Nézőpont
,ketfarku,2017-03-01,Medián
,ketfarku,2017-03-01,Századvég
1,ketfarku,2017-04-01,Publicus
0,ketfarku,2017-04-01,Tárki
3,ketfarku,2017-04-01,Nézőpont
1,ketfarku,2017-04-01,Medián
0,ketfarku,2017-04-01,Századvég
1,ketfarku,2017-05-01,Publicus
,ketfarku,2017-05-01,Tárki
3,ketfarku,2017-05-01,Nézőpont
,ketfarku,2017-05-01,Medián
0,ketfarku,2017-05-01,Századvég
1,ketfarku,2017-06-01,Publicus
,ketfarku,2017-06-01,Tárki
1,ketfarku,2017-06-01,Nézőpont
0,ketfarku,2017-06-01,Medián
,ketfarku,2017-06-01,Századvég
1,ketfarku,2017-07-01,Publicus
0,ketfarku,2017-07-01,Tárki
2,ketfarku,2017-07-01,Nézőpont
,ketfarku,2017-07-01,Medián
0,ketfarku,2017-07-01,Századvég
2,ketfarku,2017-08-01,Publicus
,ketfarku,2017-08-01,Tárki
2,ketfarku,2017-08-01,Nézőpont
,ketfarku,2017-08-01,Medián
0,ketfarku,2017-08-01,Századvég
2,ketfarku,2017-09-01,Publicus
,ketfarku,2017-09-01,Tárki
2,ketfarku,2017-09-01,Nézőpont
1,ketfarku,2017-09-01,Medián
0,ketfarku,2017-09-01,Századvég
2,ketfarku,2017-10-01,Publicus
0,ketfarku,2017-10-01,Tárki
3,ketfarku,2017-10-01,Nézőpont
2,ketfarku,2017-10-01,Medián
0,ketfarku,2017-10-01,Századvég
2,ketfarku,2017-11-01,Publicus
,ketfarku,2017-11-01,Tárki
2,ketfarku,2017-11-01,Nézőpont
0,ketfarku,2017-11-01,Medián
0,ketfarku,2017-11-01,Századvég
2,ketfarku,2017-12-01,Publicus
,ketfarku,2017-12-01,Tárki
2,ketfarku,2017-12-01,Nézőpont
,ketfarku,2017-12-01,Medián
0,ketfarku,2017-12-01,Századvég
1,ketfarku,2018-01-01,Publicus
0,ketfarku,2018-01-01,Tárki
2,ketfarku,2018-01-01,Nézőpont
0,ketfarku,2018-01-01,Medián
0,ketfarku,2018-01-01,Századvég
5,momentum,2017-03-01,Iránytű
2,momentum,2017-03-01,Republikon
2,momentum,2017-03-01,Publicus
,momentum,2017-03-01,Tárki
2,momentum,2017-03-01,Nézőpont
,momentum,2017-03-01,Medián
,momentum,2017-03-01,Századvég
3,momentum,2017-04-01,Iránytű
0,momentum,2017-04-01,Republikon
2,momentum,2017-04-01,Publicus
1,momentum,2017-04-01,Tárki
1,momentum,2017-04-01,Nézőpont
2,momentum,2017-04-01,Medián
0,momentum,2017-04-01,Századvég
2,momentum,2017-05-01,Iránytű
4,momentum,2017-05-01,Republikon
2,momentum,2017-05-01,Publicus
,momentum,2017-05-01,Tárki
3,momentum,2017-05-01,Nézőpont
,momentum,2017-05-01,Medián
0,momentum,2017-05-01,Századvég
3,momentum,2017-06-01,Iránytű
3,momentum,2017-06-01,Republikon
2,momentum,2017-06-01,Publicus
,momentum,2017-06-01,Tárki
4,momentum,2017-06-01,Nézőpont
1,momentum,2017-06-01,Medián
,momentum,2017-06-01,Századvég
3,momentum,2017-07-01,Iránytű
3,momentum,2017-07-01,Republikon
3,momentum,2017-07-01,Publicus
3,momentum,2017-07-01,Tárki
5,momentum,2017-07-01,Nézőpont
,momentum,2017-07-01,Medián
0,momentum,2017-07-01,Századvég
3,momentum,2017-08-01,Iránytű
3,momentum,2017-08-01,Republikon
3,momentum,2017-08-01,Publicus
,momentum,2017-08-01,Tárki
5,momentum,2017-08-01,Nézőpont
,momentum,2017-08-01,Medián
0,momentum,2017-08-01,Századvég
3,momentum,2017-09-01,Iránytű
3,momentum,2017-09-01,Republikon
3,momentum,2017-09-01,Publicus
,momentum,2017-09-01,Tárki
4,momentum,2017-09-01,Nézőpont
3,momentum,2017-09-01,Medián
0,momentum,2017-09-01,Századvég
3,momentum,2017-10-01,Iránytű
3,momentum,2017-10-01,Republikon
2,momentum,2017-10-01,Publicus
2,momentum,2017-10-01,Tárki
4,momentum,2017-10-01,Nézőpont
1,momentum,2017-10-01,Medián
0,momentum,2017-10-01,Századvég
3,momentum,2017-11-01,Iránytű
3,momentum,2017-11-01,Republikon
2,momentum,2017-11-01,Publicus
,momentum,2017-11-01,Tárki
4,momentum,2017-11-01,Nézőpont
1,momentum,2017-11-01,Medián
0,momentum,2017-11-01,Századvég
3,momentum,2017-12-01,Iránytű
2,momentum,2017-12-01,Republikon
2,momentum,2017-12-01,Publicus
,momentum,2017-12-01,Tárki
3,momentum,2017-12-01,Nézőpont
,momentum,2017-12-01,Medián
0,momentum,2017-12-01,Századvég
3,momentum,2018-01-01,Iránytű
3,momentum,2018-01-01,Republikon
1,momentum,2018-01-01,Publicus
1,momentum,2018-01-01,Tárki
3,momentum,2018-01-01,Nézőpont
1,momentum,2018-01-01,Medián
0,momentum,2018-01-01,Századvég
