part,szazalek,datum,kutato
fidesz,51,2010-05-01,Nézőpont
fidesz,50,2010-05-01,Medián
fidesz,45,2010-05-01,Tárki
fidesz,45,2010-05-01,Századvég
fidesz,55,2010-06-01,Nézőpont
fidesz,50,2010-06-01,Medián
fidesz,46,2010-06-01,Tárki
fidesz,,2010-06-01,Századvég
fidesz,54,2010-07-01,Nézőpont
fidesz,49,2010-07-01,Medián
fidesz,39,2010-07-01,Tárki
fidesz,46,2010-07-01,Századvég
fidesz,52,2010-08-01,Nézőpont
fidesz,47,2010-08-01,Medián
fidesz,,2010-08-01,Tárki
fidesz,46,2010-08-01,Századvég
fidesz,53,2010-09-01,Nézőpont
fidesz,46,2010-09-01,Medián
fidesz,39,2010-09-01,Tárki
fidesz,47,2010-09-01,Századvég
fidesz,52,2010-10-01,Nézőpont
fidesz,44,2010-10-01,Medián
fidesz,44,2010-10-01,Tárki
fidesz,47,2010-10-01,Századvég
fidesz,46,2010-11-01,Nézőpont
fidesz,44,2010-11-01,Medián
fidesz,49,2010-11-01,Tárki
fidesz,45,2010-11-01,Századvég
fidesz,47,2010-12-01,Nézőpont
fidesz,44,2010-12-01,Medián
fidesz,43,2010-12-01,Tárki
fidesz,43,2010-12-01,Századvég
fidesz,47,2011-01-01,Nézőpont
fidesz,45,2011-01-01,Medián
fidesz,38,2011-01-01,Tárki
fidesz,,2011-01-01,Századvég
fidesz,46,2011-02-01,Nézőpont
fidesz,38,2011-02-01,Medián
fidesz,37,2011-02-01,Tárki
fidesz,,2011-02-01,Századvég
fidesz,48,2011-03-01,Nézőpont
fidesz,,2011-03-01,Medián
fidesz,30,2011-03-01,Tárki
fidesz,37,2011-03-01,Századvég
fidesz,43,2011-04-01,Nézőpont
fidesz,33,2011-04-01,Medián
fidesz,29,2011-04-01,Tárki
fidesz,,2011-04-01,Századvég
fidesz,42,2011-05-01,Nézőpont
fidesz,34,2011-05-01,Medián
fidesz,26,2011-05-01,Tárki
fidesz,35,2011-05-01,Századvég
fidesz,45,2011-06-01,Nézőpont
fidesz,33,2011-06-01,Medián
fidesz,27,2011-06-01,Tárki
fidesz,33,2011-06-01,Századvég
fidesz,43,2011-07-01,Nézőpont
fidesz,35,2011-07-01,Medián
fidesz,30,2011-07-01,Tárki
fidesz,,2011-07-01,Századvég
fidesz,40,2011-08-01,Nézőpont
fidesz,,2011-08-01,Medián
fidesz,,2011-08-01,Tárki
fidesz,,2011-08-01,Századvég
fidesz,41,2011-09-01,Nézőpont
fidesz,31,2011-09-01,Medián
fidesz,24,2011-09-01,Tárki
fidesz,,2011-09-01,Századvég
fidesz,31,2011-10-01,Nézőpont
fidesz,31,2011-10-01,Medián
fidesz,23,2011-10-01,Tárki
fidesz,30,2011-10-01,Századvég
fidesz,32,2011-11-01,Nézőpont
fidesz,26,2011-11-01,Medián
fidesz,23,2011-11-01,Tárki
fidesz,,2011-11-01,Századvég
fidesz,33,2011-12-01,Nézőpont
fidesz,26,2011-12-01,Medián
fidesz,19,2011-12-01,Tárki
fidesz,30,2011-12-01,Századvég
fidesz,34,2012-01-01,Nézőpont
fidesz,26,2012-01-01,Medián
fidesz,18,2012-01-01,Tárki
fidesz,26,2012-01-01,Századvég
fidesz,31,2012-02-01,Nézőpont
fidesz,25,2012-02-01,Medián
fidesz,20,2012-02-01,Tárki
fidesz,27,2012-02-01,Századvég
fidesz,31,2012-03-01,Nézőpont
fidesz,26,2012-03-01,Medián
fidesz,25,2012-03-01,Tárki
fidesz,27,2012-03-01,Századvég
fidesz,34,2012-04-01,Nézőpont
fidesz,,2012-04-01,Medián
fidesz,21,2012-04-01,Tárki
fidesz,25,2012-04-01,Századvég
fidesz,31,2012-05-01,Nézőpont
fidesz,22,2012-05-01,Medián
fidesz,16,2012-05-01,Tárki
fidesz,24,2012-05-01,Századvég
fidesz,28,2012-06-01,Nézőpont
fidesz,21,2012-06-01,Medián
fidesz,18,2012-06-01,Tárki
fidesz,23,2012-06-01,Századvég
fidesz,35,2012-07-01,Nézőpont
fidesz,23,2012-07-01,Medián
fidesz,18,2012-07-01,Tárki
fidesz,23,2012-07-01,Századvég
fidesz,32,2012-08-01,Nézőpont
fidesz,,2012-08-01,Medián
fidesz,,2012-08-01,Tárki
fidesz,24,2012-08-01,Századvég
fidesz,35,2012-09-01,Nézőpont
fidesz,23,2012-09-01,Medián
fidesz,15,2012-09-01,Tárki
fidesz,23,2012-09-01,Századvég
fidesz,34,2012-10-01,Nézőpont
fidesz,22,2012-10-01,Medián
fidesz,18,2012-10-01,Tárki
fidesz,21,2012-10-01,Századvég
fidesz,31,2012-11-01,Nézőpont
fidesz,26,2012-11-01,Medián
fidesz,19,2012-11-01,Tárki
fidesz,22,2012-11-01,Századvég
fidesz,32,2012-12-01,Nézőpont
fidesz,,2012-12-01,Medián
fidesz,19,2012-12-01,Tárki
fidesz,,2012-12-01,Századvég
fidesz,34,2013-01-01,Nézőpont
fidesz,27,2013-01-01,Medián
fidesz,20,2013-01-01,Tárki
fidesz,21,2013-01-01,Századvég
fidesz,36,2013-02-01,Nézőpont
fidesz,26,2013-02-01,Medián
fidesz,26,2013-02-01,Tárki
fidesz,23,2013-02-01,Századvég
fidesz,32,2013-03-01,Nézőpont
fidesz,27,2013-03-01,Medián
fidesz,24,2013-03-01,Tárki
fidesz,24,2013-03-01,Századvég
fidesz,32,2013-04-01,Nézőpont
fidesz,29,2013-04-01,Medián
fidesz,25,2013-04-01,Tárki
fidesz,25,2013-04-01,Századvég
fidesz,33,2013-05-01,Nézőpont
fidesz,29,2013-05-01,Medián
fidesz,23,2013-05-01,Tárki
fidesz,24,2013-05-01,Századvég
fidesz,34,2013-06-01,Nézőpont
fidesz,,2013-06-01,Medián
fidesz,26,2013-06-01,Tárki
fidesz,25,2013-06-01,Századvég
fidesz,32,2013-07-01,Nézőpont
fidesz,30,2013-07-01,Medián
fidesz,26,2013-07-01,Tárki
fidesz,,2013-07-01,Századvég
fidesz,32,2013-08-01,Nézőpont
fidesz,,2013-08-01,Medián
fidesz,,2013-08-01,Tárki
fidesz,27,2013-08-01,Századvég
fidesz,33,2013-09-01,Nézőpont
fidesz,33,2013-09-01,Medián
fidesz,26,2013-09-01,Tárki
fidesz,28,2013-09-01,Századvég
fidesz,35,2013-10-01,Nézőpont
fidesz,36,2013-10-01,Medián
fidesz,27,2013-10-01,Tárki
fidesz,29,2013-10-01,Századvég
fidesz,33,2013-11-01,Nézőpont
fidesz,34,2013-11-01,Medián
fidesz,27,2013-11-01,Tárki
fidesz,30,2013-11-01,Századvég
fidesz,36,2013-12-01,Nézőpont
fidesz,37,2013-12-01,Medián
fidesz,28,2013-12-01,Tárki
fidesz,,2013-12-01,Századvég
fidesz,37,2014-01-01,Nézőpont
fidesz,39,2014-01-01,Medián
fidesz,29,2014-01-01,Tárki
fidesz,32,2014-01-01,Századvég
fidesz,37,2014-02-01,Nézőpont
fidesz,36,2014-02-01,Medián
fidesz,38,2014-02-01,Tárki
fidesz,32,2014-02-01,Századvég
fidesz,37,2014-03-01,Nézőpont
fidesz,36,2014-03-01,Medián
fidesz,38,2014-03-01,Tárki
fidesz,33,2014-03-01,Századvég
fidesz,38,2014-05-01,Nézőpont
fidesz,39,2014-05-01,Medián
fidesz,33,2014-05-01,Tárki
fidesz,35,2014-05-01,Századvég
fidesz,37,2014-06-01,Nézőpont
fidesz,,2014-06-01,Medián
fidesz,34,2014-06-01,Tárki
fidesz,,2014-06-01,Századvég
fidesz,33,2014-07-01,Nézőpont
fidesz,,2014-07-01,Medián
fidesz,34,2014-07-01,Tárki
fidesz,35,2014-07-01,Századvég
fidesz,33,2014-08-01,Nézőpont
fidesz,,2014-08-01,Medián
fidesz,,2014-08-01,Tárki
fidesz,,2014-08-01,Századvég
fidesz,34,2014-09-01,Nézőpont
fidesz,37,2014-09-01,Medián
fidesz,31,2014-09-01,Tárki
fidesz,35,2014-09-01,Századvég
fidesz,32,2014-10-01,Nézőpont
fidesz,,2014-10-01,Medián
fidesz,37,2014-10-01,Tárki
fidesz,,2014-10-01,Századvég
fidesz,29,2014-11-01,Nézőpont
fidesz,,2014-11-01,Medián
fidesz,25,2014-11-01,Tárki
fidesz,,2014-11-01,Századvég
fidesz,26,2014-12-01,Nézőpont
fidesz,26,2014-12-01,Medián
fidesz,,2014-12-01,Tárki
fidesz,29,2014-12-01,Századvég
fidesz,26,2015-01-01,Nézőpont
fidesz,,2015-01-01,Medián
fidesz,24,2015-01-01,Tárki
fidesz,30,2015-01-01,Századvég
fidesz,26,2015-02-01,Nézőpont
fidesz,27,2015-02-01,Medián
fidesz,,2015-02-01,Tárki
fidesz,30,2015-02-01,Századvég
fidesz,29,2015-03-01,Nézőpont
fidesz,24,2015-03-01,Medián
fidesz,,2015-03-01,Tárki
fidesz,28,2015-03-01,Századvég
fidesz,28,2015-04-01,Nézőpont
fidesz,,2015-04-01,Medián
fidesz,23,2015-04-01,Tárki
fidesz,27,2015-04-01,Századvég
fidesz,27,2015-05-01,Nézőpont
fidesz,28,2015-05-01,Medián
fidesz,,2015-05-01,Tárki
fidesz,,2015-05-01,Századvég
fidesz,30,2015-06-01,Nézőpont
fidesz,,2015-06-01,Medián
fidesz,,2015-06-01,Tárki
fidesz,30,2015-06-01,Századvég
fidesz,28,2015-07-01,Nézőpont
fidesz,,2015-07-01,Medián
fidesz,22,2015-07-01,Tárki
fidesz,,2015-07-01,Századvég
fidesz,29,2015-08-01,Nézőpont
fidesz,,2015-08-01,Medián
fidesz,,2015-08-01,Tárki
fidesz,,2015-08-01,Századvég
fidesz,34,2015-09-01,Nézőpont
fidesz,32,2015-09-01,Medián
fidesz,,2015-09-01,Tárki
fidesz,31,2015-09-01,Századvég
fidesz,34,2015-10-01,Nézőpont
fidesz,,2015-10-01,Medián
fidesz,28,2015-10-01,Tárki
fidesz,,2015-10-01,Századvég
fidesz,34,2015-11-01,Nézőpont
fidesz,34,2015-11-01,Medián
fidesz,,2015-11-01,Tárki
fidesz,,2015-11-01,Századvég
fidesz,34,2015-12-01,Nézőpont
fidesz,,2015-12-01,Medián
fidesz,,2015-12-01,Tárki
fidesz,,2015-12-01,Századvég
fidesz,32,2016-01-01,Nézőpont
fidesz,34,2016-01-01,Medián
fidesz,31,2016-01-01,Tárki
fidesz,33,2016-01-01,Századvég
fidesz,31,2016-02-01,Nézőpont
fidesz,32,2016-02-01,Medián
fidesz,,2016-02-01,Tárki
fidesz,34,2016-02-01,Századvég
fidesz,,2016-03-01,Nézőpont
fidesz,,2016-03-01,Medián
fidesz,,2016-03-01,Tárki
fidesz,,2016-03-01,Századvég
fidesz,29,2016-04-01,Nézőpont
fidesz,33,2016-04-01,Medián
fidesz,27,2016-04-01,Tárki
fidesz,,2016-04-01,Századvég
fidesz,30,2016-05-01,Nézőpont
fidesz,,2016-05-01,Medián
fidesz,,2016-05-01,Tárki
fidesz,,2016-05-01,Századvég
fidesz,28,2016-06-01,Nézőpont
fidesz,37,2016-06-01,Medián
fidesz,,2016-06-01,Tárki
fidesz,29,2016-06-01,Századvég
fidesz,31,2016-07-01,Nézőpont
fidesz,,2016-07-01,Medián
fidesz,30,2016-07-01,Tárki
fidesz,31,2016-07-01,Századvég
fidesz,32,2016-08-01,Nézőpont
fidesz,,2016-08-01,Medián
fidesz,,2016-08-01,Tárki
fidesz,,2016-08-01,Századvég
fidesz,36,2016-09-01,Nézőpont
fidesz,37,2016-09-01,Medián
fidesz,,2016-09-01,Tárki
fidesz,33,2016-09-01,Századvég
fidesz,34,2016-10-01,Nézőpont
fidesz,,2016-10-01,Medián
fidesz,32,2016-10-01,Tárki
fidesz,,2016-10-01,Századvég
fidesz,32,2016-11-01,Nézőpont
fidesz,36,2016-11-01,Medián
fidesz,,2016-11-01,Tárki
fidesz,,2016-11-01,Századvég
fidesz,,2016-12-01,Nézőpont
fidesz,,2016-12-01,Medián
fidesz,,2016-12-01,Tárki
fidesz,32,2016-12-01,Századvég
fidesz,34,2017-01-01,Nézőpont
fidesz,37,2017-01-01,Medián
fidesz,33,2017-01-01,Tárki
fidesz,,2017-01-01,Századvég
fidesz,33,2017-02-01,Nézőpont
fidesz,,2017-02-01,Medián
fidesz,,2017-02-01,Tárki
fidesz,33,2017-02-01,Századvég
fidesz,32,2017-03-01,Nézőpont
fidesz,,2017-03-01,Medián
fidesz,,2017-03-01,Tárki
fidesz,,2017-03-01,Századvég
fidesz,31,2017-04-01,Nézőpont
fidesz,31,2017-04-01,Medián
fidesz,33,2017-04-01,Tárki
fidesz,33,2017-04-01,Századvég
fidesz,29,2017-05-01,Nézőpont
fidesz,,2017-05-01,Medián
fidesz,,2017-05-01,Tárki
fidesz,32,2017-05-01,Századvég
fidesz,30,2017-06-01,Nézőpont
fidesz,34,2017-06-01,Medián
fidesz,,2017-06-01,Tárki
fidesz,,2017-06-01,Századvég
fidesz,30,2017-07-01,Nézőpont
fidesz,,2017-07-01,Medián
fidesz,35,2017-07-01,Tárki
fidesz,32,2017-07-01,Századvég
fidesz,30,2017-08-01,Nézőpont
fidesz,,2017-08-01,Medián
fidesz,,2017-08-01,Tárki
fidesz,33,2017-08-01,Századvég
fidesz,30,2017-09-01,Nézőpont
fidesz,36,2017-09-01,Medián
fidesz,,2017-09-01,Tárki
fidesz,34,2017-09-01,Századvég
fidesz,31,2017-10-01,Nézőpont
fidesz,40,2017-10-01,Medián
fidesz,39,2017-10-01,Tárki
fidesz,34,2017-10-01,Századvég
fidesz,35,2017-11-01,Nézőpont
fidesz,39,2017-11-01,Medián
fidesz,,2017-11-01,Tárki
fidesz,36,2017-11-01,Századvég
fidesz,37,2017-12-01,Nézőpont
fidesz,,2017-12-01,Medián
fidesz,,2017-12-01,Tárki
fidesz,36,2017-12-01,Századvég
fidesz,40,2018-01-01,Nézőpont
fidesz,37,2018-01-01,Medián
fidesz,46,2018-01-01,Tárki
fidesz,35,2018-01-01,Századvég
fidesz,40,2018-02-01,Nézőpont
fidesz,,2018-02-01,Medián
fidesz,,2018-02-01,Tárki
fidesz,36,2018-02-01,Századvég
mszp,7,2010-05-01,Nézőpont
mszp,11,2010-05-01,Medián
mszp,10,2010-05-01,Tárki
mszp,13,2010-05-01,Századvég
mszp,6,2010-06-01,Nézőpont
mszp,10,2010-06-01,Medián
mszp,10,2010-06-01,Tárki
mszp,,2010-06-01,Századvég
mszp,6,2010-07-01,Nézőpont
mszp,12,2010-07-01,Medián
mszp,13,2010-07-01,Tárki
mszp,12,2010-07-01,Századvég
mszp,11,2010-08-01,Nézőpont
mszp,11,2010-08-01,Medián
mszp,,2010-08-01,Tárki
mszp,13,2010-08-01,Századvég
mszp,10,2010-09-01,Nézőpont
mszp,13,2010-09-01,Medián
mszp,10,2010-09-01,Tárki
mszp,12,2010-09-01,Századvég
mszp,16,2010-10-01,Nézőpont
mszp,13,2010-10-01,Medián
mszp,11,2010-10-01,Tárki
mszp,11,2010-10-01,Századvég
mszp,16,2010-11-01,Nézőpont
mszp,14,2010-11-01,Medián
mszp,10,2010-11-01,Tárki
mszp,12,2010-11-01,Századvég
mszp,17,2010-12-01,Nézőpont
mszp,13,2010-12-01,Medián
mszp,11,2010-12-01,Tárki
mszp,12,2010-12-01,Századvég
mszp,16,2011-01-01,Nézőpont
mszp,12,2011-01-01,Medián
mszp,10,2011-01-01,Tárki
mszp,,2011-01-01,Századvég
mszp,12,2011-02-01,Nézőpont
mszp,12,2011-02-01,Medián
mszp,11,2011-02-01,Tárki
mszp,,2011-02-01,Századvég
mszp,12,2011-03-01,Nézőpont
mszp,,2011-03-01,Medián
mszp,11,2011-03-01,Tárki
mszp,11,2011-03-01,Századvég
mszp,14,2011-04-01,Nézőpont
mszp,14,2011-04-01,Medián
mszp,12,2011-04-01,Tárki
mszp,,2011-04-01,Századvég
mszp,15,2011-05-01,Nézőpont
mszp,13,2011-05-01,Medián
mszp,14,2011-05-01,Tárki
mszp,12,2011-05-01,Századvég
mszp,12,2011-06-01,Nézőpont
mszp,15,2011-06-01,Medián
mszp,12,2011-06-01,Tárki
mszp,10,2011-06-01,Századvég
mszp,9,2011-07-01,Nézőpont
mszp,16,2011-07-01,Medián
mszp,11,2011-07-01,Tárki
mszp,,2011-07-01,Századvég
mszp,12,2011-08-01,Nézőpont
mszp,,2011-08-01,Medián
mszp,,2011-08-01,Tárki
mszp,,2011-08-01,Századvég
mszp,10,2011-09-01,Nézőpont
mszp,12,2011-09-01,Medián
mszp,10,2011-09-01,Tárki
mszp,,2011-09-01,Századvég
mszp,17,2011-10-01,Nézőpont
mszp,17,2011-10-01,Medián
mszp,11,2011-10-01,Tárki
mszp,10,2011-10-01,Századvég
mszp,10,2011-11-01,Nézőpont
mszp,12,2011-11-01,Medián
mszp,10,2011-11-01,Tárki
mszp,,2011-11-01,Századvég
mszp,10,2011-12-01,Nézőpont
mszp,14,2011-12-01,Medián
mszp,12,2011-12-01,Tárki
mszp,12,2011-12-01,Századvég
mszp,9,2012-01-01,Nézőpont
mszp,15,2012-01-01,Medián
mszp,11,2012-01-01,Tárki
mszp,14,2012-01-01,Századvég
mszp,10,2012-02-01,Nézőpont
mszp,13,2012-02-01,Medián
mszp,13,2012-02-01,Tárki
mszp,15,2012-02-01,Századvég
mszp,10,2012-03-01,Nézőpont
mszp,16,2012-03-01,Medián
mszp,12,2012-03-01,Tárki
mszp,16,2012-03-01,Századvég
mszp,11,2012-04-01,Nézőpont
mszp,,2012-04-01,Medián
mszp,13,2012-04-01,Tárki
mszp,16,2012-04-01,Századvég
mszp,8,2012-05-01,Nézőpont
mszp,16,2012-05-01,Medián
mszp,15,2012-05-01,Tárki
mszp,15,2012-05-01,Századvég
mszp,16,2012-06-01,Nézőpont
mszp,15,2012-06-01,Medián
mszp,14,2012-06-01,Tárki
mszp,14,2012-06-01,Századvég
mszp,12,2012-07-01,Nézőpont
mszp,15,2012-07-01,Medián
mszp,12,2012-07-01,Tárki
mszp,13,2012-07-01,Századvég
mszp,11,2012-08-01,Nézőpont
mszp,,2012-08-01,Medián
mszp,,2012-08-01,Tárki
mszp,14,2012-08-01,Századvég
mszp,10,2012-09-01,Nézőpont
mszp,14,2012-09-01,Medián
mszp,11,2012-09-01,Tárki
mszp,12,2012-09-01,Századvég
mszp,12,2012-10-01,Nézőpont
mszp,17,2012-10-01,Medián
mszp,15,2012-10-01,Tárki
mszp,13,2012-10-01,Századvég
mszp,13,2012-11-01,Nézőpont
mszp,18,2012-11-01,Medián
mszp,14,2012-11-01,Tárki
mszp,12,2012-11-01,Századvég
mszp,11,2012-12-01,Nézőpont
mszp,,2012-12-01,Medián
mszp,12,2012-12-01,Tárki
mszp,,2012-12-01,Századvég
mszp,13,2013-01-01,Nézőpont
mszp,16,2013-01-01,Medián
mszp,14,2013-01-01,Tárki
mszp,13,2013-01-01,Századvég
mszp,11,2013-02-01,Nézőpont
mszp,12,2013-02-01,Medián
mszp,12,2013-02-01,Tárki
mszp,14,2013-02-01,Századvég
mszp,11,2013-03-01,Nézőpont
mszp,15,2013-03-01,Medián
mszp,9,2013-03-01,Tárki
mszp,14,2013-03-01,Századvég
mszp,14,2013-04-01,Nézőpont
mszp,13,2013-04-01,Medián
mszp,11,2013-04-01,Tárki
mszp,14,2013-04-01,Századvég
mszp,13,2013-05-01,Nézőpont
mszp,15,2013-05-01,Medián
mszp,11,2013-05-01,Tárki
mszp,13,2013-05-01,Századvég
mszp,12,2013-06-01,Nézőpont
mszp,,2013-06-01,Medián
mszp,13,2013-06-01,Tárki
mszp,13,2013-06-01,Századvég
mszp,11,2013-07-01,Nézőpont
mszp,14,2013-07-01,Medián
mszp,11,2013-07-01,Tárki
mszp,,2013-07-01,Századvég
mszp,11,2013-08-01,Nézőpont
mszp,,2013-08-01,Medián
mszp,,2013-08-01,Tárki
mszp,13,2013-08-01,Századvég
mszp,12,2013-09-01,Nézőpont
mszp,15,2013-09-01,Medián
mszp,10,2013-09-01,Tárki
mszp,13,2013-09-01,Századvég
mszp,13,2013-10-01,Nézőpont
mszp,14,2013-10-01,Medián
mszp,11,2013-10-01,Tárki
mszp,14,2013-10-01,Századvég
mszp,10,2013-11-01,Nézőpont
mszp,16,2013-11-01,Medián
mszp,12,2013-11-01,Tárki
mszp,15,2013-11-01,Századvég
mszp,10,2013-12-01,Nézőpont
mszp,13,2013-12-01,Medián
mszp,11,2013-12-01,Tárki
mszp,,2013-12-01,Századvég
mszp,10,2014-01-01,Nézőpont
mszp,13,2014-01-01,Medián
mszp,14,2014-01-01,Tárki
mszp,13,2014-01-01,Századvég
mszp,,2014-02-01,Nézőpont
mszp,,2014-02-01,Medián
mszp,,2014-02-01,Tárki
mszp,,2014-02-01,Századvég
mszp,,2014-03-01,Nézőpont
mszp,,2014-03-01,Medián
mszp,,2014-03-01,Tárki
mszp,,2014-03-01,Századvég
mszp,10,2014-05-01,Nézőpont
mszp,11,2014-05-01,Medián
mszp,10,2014-05-01,Tárki
mszp,11,2014-05-01,Századvég
mszp,8,2014-06-01,Nézőpont
mszp,,2014-06-01,Medián
mszp,9,2014-06-01,Tárki
mszp,,2014-06-01,Századvég
mszp,7,2014-07-01,Nézőpont
mszp,,2014-07-01,Medián
mszp,9,2014-07-01,Tárki
mszp,9,2014-07-01,Századvég
mszp,10,2014-08-01,Nézőpont
mszp,,2014-08-01,Medián
mszp,,2014-08-01,Tárki
mszp,,2014-08-01,Századvég
mszp,6,2014-09-01,Nézőpont
mszp,11,2014-09-01,Medián
mszp,10,2014-09-01,Tárki
mszp,10,2014-09-01,Századvég
mszp,6,2014-10-01,Nézőpont
mszp,,2014-10-01,Medián
mszp,11,2014-10-01,Tárki
mszp,,2014-10-01,Századvég
mszp,7,2014-11-01,Nézőpont
mszp,,2014-11-01,Medián
mszp,11,2014-11-01,Tárki
mszp,,2014-11-01,Századvég
mszp,7,2014-12-01,Nézőpont
mszp,12,2014-12-01,Medián
mszp,,2014-12-01,Tárki
mszp,11,2014-12-01,Századvég
mszp,10,2015-01-01,Nézőpont
mszp,,2015-01-01,Medián
mszp,11,2015-01-01,Tárki
mszp,11,2015-01-01,Századvég
mszp,9,2015-02-01,Nézőpont
mszp,11,2015-02-01,Medián
mszp,,2015-02-01,Tárki
mszp,12,2015-02-01,Századvég
mszp,7,2015-03-01,Nézőpont
mszp,11,2015-03-01,Medián
mszp,,2015-03-01,Tárki
mszp,10,2015-03-01,Századvég
mszp,10,2015-04-01,Nézőpont
mszp,,2015-04-01,Medián
mszp,10,2015-04-01,Tárki
mszp,9,2015-04-01,Századvég
mszp,7,2015-05-01,Nézőpont
mszp,8,2015-05-01,Medián
mszp,,2015-05-01,Tárki
mszp,,2015-05-01,Századvég
mszp,8,2015-06-01,Nézőpont
mszp,,2015-06-01,Medián
mszp,,2015-06-01,Tárki
mszp,8,2015-06-01,Századvég
mszp,9,2015-07-01,Nézőpont
mszp,,2015-07-01,Medián
mszp,11,2015-07-01,Tárki
mszp,,2015-07-01,Századvég
mszp,9,2015-08-01,Nézőpont
mszp,,2015-08-01,Medián
mszp,,2015-08-01,Tárki
mszp,,2015-08-01,Századvég
mszp,8,2015-09-01,Nézőpont
mszp,11,2015-09-01,Medián
mszp,,2015-09-01,Tárki
mszp,8,2015-09-01,Századvég
mszp,7,2015-10-01,Nézőpont
mszp,,2015-10-01,Medián
mszp,7,2015-10-01,Tárki
mszp,,2015-10-01,Századvég
mszp,7,2015-11-01,Nézőpont
mszp,7,2015-11-01,Medián
mszp,,2015-11-01,Tárki
mszp,,2015-11-01,Századvég
mszp,9,2015-12-01,Nézőpont
mszp,,2015-12-01,Medián
mszp,,2015-12-01,Tárki
mszp,,2015-12-01,Századvég
mszp,11,2016-01-01,Nézőpont
mszp,9,2016-01-01,Medián
mszp,7,2016-01-01,Tárki
mszp,8,2016-01-01,Századvég
mszp,8,2016-02-01,Nézőpont
mszp,10,2016-02-01,Medián
mszp,,2016-02-01,Tárki
mszp,9,2016-02-01,Századvég
mszp,,2016-03-01,Nézőpont
mszp,,2016-03-01,Medián
mszp,,2016-03-01,Tárki
mszp,,2016-03-01,Századvég
mszp,10,2016-04-01,Nézőpont
mszp,10,2016-04-01,Medián
mszp,10,2016-04-01,Tárki
mszp,,2016-04-01,Századvég
mszp,9,2016-05-01,Nézőpont
mszp,,2016-05-01,Medián
mszp,,2016-05-01,Tárki
mszp,,2016-05-01,Századvég
mszp,8,2016-06-01,Nézőpont
mszp,9,2016-06-01,Medián
mszp,,2016-06-01,Tárki
mszp,9,2016-06-01,Századvég
mszp,10,2016-07-01,Nézőpont
mszp,,2016-07-01,Medián
mszp,8,2016-07-01,Tárki
mszp,8,2016-07-01,Századvég
mszp,10,2016-08-01,Nézőpont
mszp,,2016-08-01,Medián
mszp,,2016-08-01,Tárki
mszp,,2016-08-01,Századvég
mszp,10,2016-09-01,Nézőpont
mszp,9,2016-09-01,Medián
mszp,,2016-09-01,Tárki
mszp,9,2016-09-01,Századvég
mszp,8,2016-10-01,Nézőpont
mszp,,2016-10-01,Medián
mszp,9,2016-10-01,Tárki
mszp,,2016-10-01,Századvég
mszp,7,2016-11-01,Nézőpont
mszp,9,2016-11-01,Medián
mszp,,2016-11-01,Tárki
mszp,,2016-11-01,Századvég
mszp,,2016-12-01,Nézőpont
mszp,,2016-12-01,Medián
mszp,,2016-12-01,Tárki
mszp,10,2016-12-01,Századvég
mszp,7,2017-01-01,Nézőpont
mszp,8,2017-01-01,Medián
mszp,9,2017-01-01,Tárki
mszp,,2017-01-01,Századvég
mszp,8,2017-02-01,Nézőpont
mszp,,2017-02-01,Medián
mszp,,2017-02-01,Tárki
mszp,10,2017-02-01,Századvég
mszp,7,2017-03-01,Nézőpont
mszp,,2017-03-01,Medián
mszp,,2017-03-01,Tárki
mszp,,2017-03-01,Századvég
mszp,7,2017-04-01,Nézőpont
mszp,9,2017-04-01,Medián
mszp,10,2017-04-01,Tárki
mszp,11,2017-04-01,Századvég
mszp,7,2017-05-01,Nézőpont
mszp,,2017-05-01,Medián
mszp,,2017-05-01,Tárki
mszp,12,2017-05-01,Századvég
mszp,7,2017-06-01,Nézőpont
mszp,8,2017-06-01,Medián
mszp,,2017-06-01,Tárki
mszp,,2017-06-01,Századvég
mszp,7,2017-07-01,Nézőpont
mszp,,2017-07-01,Medián
mszp,7,2017-07-01,Tárki
mszp,10,2017-07-01,Századvég
mszp,7,2017-08-01,Nézőpont
mszp,,2017-08-01,Medián
mszp,,2017-08-01,Tárki
mszp,10,2017-08-01,Századvég
mszp,6,2017-09-01,Nézőpont
mszp,7,2017-09-01,Medián
mszp,,2017-09-01,Tárki
mszp,10,2017-09-01,Századvég
mszp,5,2017-10-01,Nézőpont
mszp,7,2017-10-01,Medián
mszp,8,2017-10-01,Tárki
mszp,9,2017-10-01,Századvég
mszp,5,2017-11-01,Nézőpont
mszp,7,2017-11-01,Medián
mszp,,2017-11-01,Tárki
mszp,8,2017-11-01,Századvég
mszp,5,2017-12-01,Nézőpont
mszp,,2017-12-01,Medián
mszp,,2017-12-01,Tárki
mszp,9,2017-12-01,Századvég
mszp,5,2018-01-01,Nézőpont
mszp,8,2018-01-01,Medián
mszp,5,2018-01-01,Tárki
mszp,8,2018-01-01,Századvég
mszp,5,2018-02-01,Nézőpont
mszp,,2018-02-01,Medián
mszp,,2018-02-01,Tárki
mszp,8,2018-02-01,Századvég
jobbik,8,2010-05-01,Nézőpont
jobbik,9,2010-05-01,Medián
jobbik,9,2010-05-01,Tárki
jobbik,8,2010-05-01,Századvég
jobbik,9,2010-06-01,Nézőpont
jobbik,8,2010-06-01,Medián
jobbik,7,2010-06-01,Tárki
jobbik,,2010-06-01,Századvég
jobbik,8,2010-07-01,Nézőpont
jobbik,9,2010-07-01,Medián
jobbik,7,2010-07-01,Tárki
jobbik,8,2010-07-01,Századvég
jobbik,9,2010-08-01,Nézőpont
jobbik,9,2010-08-01,Medián
jobbik,,2010-08-01,Tárki
jobbik,7,2010-08-01,Századvég
jobbik,8,2010-09-01,Nézőpont
jobbik,7,2010-09-01,Medián
jobbik,5,2010-09-01,Tárki
jobbik,8,2010-09-01,Századvég
jobbik,8,2010-10-01,Nézőpont
jobbik,8,2010-10-01,Medián
jobbik,7,2010-10-01,Tárki
jobbik,9,2010-10-01,Századvég
jobbik,9,2010-11-01,Nézőpont
jobbik,7,2010-11-01,Medián
jobbik,6,2010-11-01,Tárki
jobbik,8,2010-11-01,Századvég
jobbik,6,2010-12-01,Nézőpont
jobbik,7,2010-12-01,Medián
jobbik,6,2010-12-01,Tárki
jobbik,7,2010-12-01,Századvég
jobbik,7,2011-01-01,Nézőpont
jobbik,7,2011-01-01,Medián
jobbik,6,2011-01-01,Tárki
jobbik,,2011-01-01,Századvég
jobbik,7,2011-02-01,Nézőpont
jobbik,9,2011-02-01,Medián
jobbik,7,2011-02-01,Tárki
jobbik,,2011-02-01,Századvég
jobbik,7,2011-03-01,Nézőpont
jobbik,,2011-03-01,Medián
jobbik,8,2011-03-01,Tárki
jobbik,8,2011-03-01,Századvég
jobbik,8,2011-04-01,Nézőpont
jobbik,8,2011-04-01,Medián
jobbik,7,2011-04-01,Tárki
jobbik,,2011-04-01,Századvég
jobbik,12,2011-05-01,Nézőpont
jobbik,10,2011-05-01,Medián
jobbik,9,2011-05-01,Tárki
jobbik,9,2011-05-01,Századvég
jobbik,9,2011-06-01,Nézőpont
jobbik,8,2011-06-01,Medián
jobbik,8,2011-06-01,Tárki
jobbik,8,2011-06-01,Századvég
jobbik,8,2011-07-01,Nézőpont
jobbik,9,2011-07-01,Medián
jobbik,9,2011-07-01,Tárki
jobbik,,2011-07-01,Századvég
jobbik,12,2011-08-01,Nézőpont
jobbik,,2011-08-01,Medián
jobbik,,2011-08-01,Tárki
jobbik,,2011-08-01,Századvég
jobbik,9,2011-09-01,Nézőpont
jobbik,12,2011-09-01,Medián
jobbik,10,2011-09-01,Tárki
jobbik,,2011-09-01,Századvég
jobbik,9,2011-10-01,Nézőpont
jobbik,11,2011-10-01,Medián
jobbik,10,2011-10-01,Tárki
jobbik,10,2011-10-01,Századvég
jobbik,11,2011-11-01,Nézőpont
jobbik,12,2011-11-01,Medián
jobbik,11,2011-11-01,Tárki
jobbik,,2011-11-01,Századvég
jobbik,10,2011-12-01,Nézőpont
jobbik,11,2011-12-01,Medián
jobbik,10,2011-12-01,Tárki
jobbik,10,2011-12-01,Századvég
jobbik,11,2012-01-01,Nézőpont
jobbik,10,2012-01-01,Medián
jobbik,11,2012-01-01,Tárki
jobbik,10,2012-01-01,Századvég
jobbik,13,2012-02-01,Nézőpont
jobbik,14,2012-02-01,Medián
jobbik,11,2012-02-01,Tárki
jobbik,11,2012-02-01,Századvég
jobbik,11,2012-03-01,Nézőpont
jobbik,12,2012-03-01,Medián
jobbik,11,2012-03-01,Tárki
jobbik,9,2012-03-01,Századvég
jobbik,9,2012-04-01,Nézőpont
jobbik,,2012-04-01,Medián
jobbik,9,2012-04-01,Tárki
jobbik,8,2012-04-01,Századvég
jobbik,10,2012-05-01,Nézőpont
jobbik,11,2012-05-01,Medián
jobbik,11,2012-05-01,Tárki
jobbik,9,2012-05-01,Századvég
jobbik,9,2012-06-01,Nézőpont
jobbik,10,2012-06-01,Medián
jobbik,11,2012-06-01,Tárki
jobbik,10,2012-06-01,Századvég
jobbik,11,2012-07-01,Nézőpont
jobbik,12,2012-07-01,Medián
jobbik,10,2012-07-01,Tárki
jobbik,11,2012-07-01,Századvég
jobbik,10,2012-08-01,Nézőpont
jobbik,,2012-08-01,Medián
jobbik,,2012-08-01,Tárki
jobbik,10,2012-08-01,Századvég
jobbik,13,2012-09-01,Nézőpont
jobbik,9,2012-09-01,Medián
jobbik,9,2012-09-01,Tárki
jobbik,8,2012-09-01,Századvég
jobbik,11,2012-10-01,Nézőpont
jobbik,10,2012-10-01,Medián
jobbik,10,2012-10-01,Tárki
jobbik,9,2012-10-01,Századvég
jobbik,13,2012-11-01,Nézőpont
jobbik,11,2012-11-01,Medián
jobbik,9,2012-11-01,Tárki
jobbik,9,2012-11-01,Századvég
jobbik,11,2012-12-01,Nézőpont
jobbik,,2012-12-01,Medián
jobbik,9,2012-12-01,Tárki
jobbik,,2012-12-01,Századvég
jobbik,13,2013-01-01,Nézőpont
jobbik,9,2013-01-01,Medián
jobbik,8,2013-01-01,Tárki
jobbik,9,2013-01-01,Századvég
jobbik,10,2013-02-01,Nézőpont
jobbik,10,2013-02-01,Medián
jobbik,9,2013-02-01,Tárki
jobbik,9,2013-02-01,Századvég
jobbik,9,2013-03-01,Nézőpont
jobbik,11,2013-03-01,Medián
jobbik,8,2013-03-01,Tárki
jobbik,8,2013-03-01,Századvég
jobbik,13,2013-04-01,Nézőpont
jobbik,11,2013-04-01,Medián
jobbik,9,2013-04-01,Tárki
jobbik,8,2013-04-01,Századvég
jobbik,11,2013-05-01,Nézőpont
jobbik,10,2013-05-01,Medián
jobbik,7,2013-05-01,Tárki
jobbik,8,2013-05-01,Századvég
jobbik,11,2013-06-01,Nézőpont
jobbik,,2013-06-01,Medián
jobbik,7,2013-06-01,Tárki
jobbik,8,2013-06-01,Századvég
jobbik,11,2013-07-01,Nézőpont
jobbik,9,2013-07-01,Medián
jobbik,8,2013-07-01,Tárki
jobbik,,2013-07-01,Századvég
jobbik,10,2013-08-01,Nézőpont
jobbik,,2013-08-01,Medián
jobbik,,2013-08-01,Tárki
jobbik,7,2013-08-01,Századvég
jobbik,11,2013-09-01,Nézőpont
jobbik,10,2013-09-01,Medián
jobbik,8,2013-09-01,Tárki
jobbik,8,2013-09-01,Századvég
jobbik,10,2013-10-01,Nézőpont
jobbik,9,2013-10-01,Medián
jobbik,7,2013-10-01,Tárki
jobbik,7,2013-10-01,Századvég
jobbik,11,2013-11-01,Nézőpont
jobbik,10,2013-11-01,Medián
jobbik,7,2013-11-01,Tárki
jobbik,7,2013-11-01,Századvég
jobbik,10,2013-12-01,Nézőpont
jobbik,10,2013-12-01,Medián
jobbik,8,2013-12-01,Tárki
jobbik,,2013-12-01,Századvég
jobbik,10,2014-01-01,Nézőpont
jobbik,11,2014-01-01,Medián
jobbik,8,2014-01-01,Tárki
jobbik,10,2014-01-01,Századvég
jobbik,12,2014-02-01,Nézőpont
jobbik,14,2014-02-01,Medián
jobbik,18,2014-02-01,Tárki
jobbik,13,2014-02-01,Századvég
jobbik,15,2014-03-01,Nézőpont
jobbik,15,2014-03-01,Medián
jobbik,15,2014-03-01,Tárki
jobbik,14,2014-03-01,Századvég
jobbik,13,2014-05-01,Nézőpont
jobbik,14,2014-05-01,Medián
jobbik,10,2014-05-01,Tárki
jobbik,13,2014-05-01,Századvég
jobbik,11,2014-06-01,Nézőpont
jobbik,,2014-06-01,Medián
jobbik,9,2014-06-01,Tárki
jobbik,,2014-06-01,Századvég
jobbik,13,2014-07-01,Nézőpont
jobbik,,2014-07-01,Medián
jobbik,10,2014-07-01,Tárki
jobbik,14,2014-07-01,Századvég
jobbik,15,2014-08-01,Nézőpont
jobbik,,2014-08-01,Medián
jobbik,,2014-08-01,Tárki
jobbik,,2014-08-01,Századvég
jobbik,11,2014-09-01,Nézőpont
jobbik,15,2014-09-01,Medián
jobbik,8,2014-09-01,Tárki
jobbik,13,2014-09-01,Századvég
jobbik,11,2014-10-01,Nézőpont
jobbik,,2014-10-01,Medián
jobbik,11,2014-10-01,Tárki
jobbik,,2014-10-01,Századvég
jobbik,14,2014-11-01,Nézőpont
jobbik,,2014-11-01,Medián
jobbik,12,2014-11-01,Tárki
jobbik,,2014-11-01,Századvég
jobbik,17,2014-12-01,Nézőpont
jobbik,15,2014-12-01,Medián
jobbik,,2014-12-01,Tárki
jobbik,14,2014-12-01,Századvég
jobbik,17,2015-01-01,Nézőpont
jobbik,,2015-01-01,Medián
jobbik,12,2015-01-01,Tárki
jobbik,14,2015-01-01,Századvég
jobbik,17,2015-02-01,Nézőpont
jobbik,14,2015-02-01,Medián
jobbik,,2015-02-01,Tárki
jobbik,16,2015-02-01,Századvég
jobbik,16,2015-03-01,Nézőpont
jobbik,15,2015-03-01,Medián
jobbik,,2015-03-01,Tárki
jobbik,17,2015-03-01,Századvég
jobbik,19,2015-04-01,Nézőpont
jobbik,,2015-04-01,Medián
jobbik,14,2015-04-01,Tárki
jobbik,17,2015-04-01,Századvég
jobbik,16,2015-05-01,Nézőpont
jobbik,16,2015-05-01,Medián
jobbik,,2015-05-01,Tárki
jobbik,,2015-05-01,Századvég
jobbik,14,2015-06-01,Nézőpont
jobbik,,2015-06-01,Medián
jobbik,,2015-06-01,Tárki
jobbik,16,2015-06-01,Századvég
jobbik,13,2015-07-01,Nézőpont
jobbik,,2015-07-01,Medián
jobbik,13,2015-07-01,Tárki
jobbik,,2015-07-01,Századvég
jobbik,15,2015-08-01,Nézőpont
jobbik,,2015-08-01,Medián
jobbik,,2015-08-01,Tárki
jobbik,,2015-08-01,Századvég
jobbik,17,2015-09-01,Nézőpont
jobbik,13,2015-09-01,Medián
jobbik,,2015-09-01,Tárki
jobbik,15,2015-09-01,Századvég
jobbik,12,2015-10-01,Nézőpont
jobbik,,2015-10-01,Medián
jobbik,12,2015-10-01,Tárki
jobbik,,2015-10-01,Századvég
jobbik,11,2015-11-01,Nézőpont
jobbik,13,2015-11-01,Medián
jobbik,,2015-11-01,Tárki
jobbik,,2015-11-01,Századvég
jobbik,10,2015-12-01,Nézőpont
jobbik,,2015-12-01,Medián
jobbik,,2015-12-01,Tárki
jobbik,,2015-12-01,Századvég
jobbik,10,2016-01-01,Nézőpont
jobbik,14,2016-01-01,Medián
jobbik,12,2016-01-01,Tárki
jobbik,12,2016-01-01,Századvég
jobbik,11,2016-02-01,Nézőpont
jobbik,16,2016-02-01,Medián
jobbik,,2016-02-01,Tárki
jobbik,13,2016-02-01,Századvég
jobbik,,2016-03-01,Nézőpont
jobbik,,2016-03-01,Medián
jobbik,,2016-03-01,Tárki
jobbik,,2016-03-01,Századvég
jobbik,11,2016-04-01,Nézőpont
jobbik,11,2016-04-01,Medián
jobbik,11,2016-04-01,Tárki
jobbik,,2016-04-01,Századvég
jobbik,12,2016-05-01,Nézőpont
jobbik,,2016-05-01,Medián
jobbik,,2016-05-01,Tárki
jobbik,,2016-05-01,Századvég
jobbik,13,2016-06-01,Nézőpont
jobbik,12,2016-06-01,Medián
jobbik,,2016-06-01,Tárki
jobbik,13,2016-06-01,Századvég
jobbik,12,2016-07-01,Nézőpont
jobbik,,2016-07-01,Medián
jobbik,14,2016-07-01,Tárki
jobbik,12,2016-07-01,Századvég
jobbik,12,2016-08-01,Nézőpont
jobbik,,2016-08-01,Medián
jobbik,,2016-08-01,Tárki
jobbik,,2016-08-01,Századvég
jobbik,11,2016-09-01,Nézőpont
jobbik,12,2016-09-01,Medián
jobbik,,2016-09-01,Tárki
jobbik,12,2016-09-01,Századvég
jobbik,12,2016-10-01,Nézőpont
jobbik,,2016-10-01,Medián
jobbik,9,2016-10-01,Tárki
jobbik,,2016-10-01,Századvég
jobbik,12,2016-11-01,Nézőpont
jobbik,10,2016-11-01,Medián
jobbik,,2016-11-01,Tárki
jobbik,,2016-11-01,Századvég
jobbik,,2016-12-01,Nézőpont
jobbik,,2016-12-01,Medián
jobbik,,2016-12-01,Tárki
jobbik,11,2016-12-01,Századvég
jobbik,11,2017-01-01,Nézőpont
jobbik,10,2017-01-01,Medián
jobbik,13,2017-01-01,Tárki
jobbik,,2017-01-01,Századvég
jobbik,12,2017-02-01,Nézőpont
jobbik,,2017-02-01,Medián
jobbik,,2017-02-01,Tárki
jobbik,10,2017-02-01,Századvég
jobbik,11,2017-03-01,Nézőpont
jobbik,,2017-03-01,Medián
jobbik,,2017-03-01,Tárki
jobbik,,2017-03-01,Századvég
jobbik,11,2017-04-01,Nézőpont
jobbik,14,2017-04-01,Medián
jobbik,11,2017-04-01,Tárki
jobbik,10,2017-04-01,Századvég
jobbik,10,2017-05-01,Nézőpont
jobbik,,2017-05-01,Medián
jobbik,,2017-05-01,Tárki
jobbik,9,2017-05-01,Századvég
jobbik,11,2017-06-01,Nézőpont
jobbik,13,2017-06-01,Medián
jobbik,,2017-06-01,Tárki
jobbik,,2017-06-01,Századvég
jobbik,11,2017-07-01,Nézőpont
jobbik,,2017-07-01,Medián
jobbik,11,2017-07-01,Tárki
jobbik,11,2017-07-01,Századvég
jobbik,11,2017-08-01,Nézőpont
jobbik,,2017-08-01,Medián
jobbik,,2017-08-01,Tárki
jobbik,10,2017-08-01,Századvég
jobbik,11,2017-09-01,Nézőpont
jobbik,12,2017-09-01,Medián
jobbik,,2017-09-01,Tárki
jobbik,9,2017-09-01,Századvég
jobbik,10,2017-10-01,Nézőpont
jobbik,11,2017-10-01,Medián
jobbik,10,2017-10-01,Tárki
jobbik,9,2017-10-01,Századvég
jobbik,9,2017-11-01,Nézőpont
jobbik,11,2017-11-01,Medián
jobbik,,2017-11-01,Tárki
jobbik,9,2017-11-01,Századvég
jobbik,8,2017-12-01,Nézőpont
jobbik,,2017-12-01,Medián
jobbik,,2017-12-01,Tárki
jobbik,9,2017-12-01,Századvég
jobbik,7,2018-01-01,Nézőpont
jobbik,13,2018-01-01,Medián
jobbik,11,2018-01-01,Tárki
jobbik,10,2018-01-01,Századvég
jobbik,7,2018-02-01,Nézőpont
jobbik,,2018-02-01,Medián
jobbik,,2018-02-01,Tárki
jobbik,8,2018-02-01,Századvég
lmp,6,2010-05-01,Nézőpont
lmp,4,2010-05-01,Medián
lmp,5,2010-05-01,Tárki
lmp,6,2010-05-01,Századvég
lmp,5,2010-06-01,Nézőpont
lmp,3,2010-06-01,Medián
lmp,4,2010-06-01,Tárki
lmp,,2010-06-01,Századvég
lmp,5,2010-07-01,Nézőpont
lmp,4,2010-07-01,Medián
lmp,4,2010-07-01,Tárki
lmp,6,2010-07-01,Századvég
lmp,4,2010-08-01,Nézőpont
lmp,5,2010-08-01,Medián
lmp,,2010-08-01,Tárki
lmp,6,2010-08-01,Századvég
lmp,4,2010-09-01,Nézőpont
lmp,4,2010-09-01,Medián
lmp,4,2010-09-01,Tárki
lmp,5,2010-09-01,Századvég
lmp,2,2010-10-01,Nézőpont
lmp,4,2010-10-01,Medián
lmp,4,2010-10-01,Tárki
lmp,4,2010-10-01,Századvég
lmp,3,2010-11-01,Nézőpont
lmp,4,2010-11-01,Medián
lmp,4,2010-11-01,Tárki
lmp,4,2010-11-01,Századvég
lmp,1,2010-12-01,Nézőpont
lmp,3,2010-12-01,Medián
lmp,4,2010-12-01,Tárki
lmp,4,2010-12-01,Századvég
lmp,4,2011-01-01,Nézőpont
lmp,3,2011-01-01,Medián
lmp,4,2011-01-01,Tárki
lmp,,2011-01-01,Századvég
lmp,4,2011-02-01,Nézőpont
lmp,3,2011-02-01,Medián
lmp,5,2011-02-01,Tárki
lmp,,2011-02-01,Századvég
lmp,6,2011-03-01,Nézőpont
lmp,,2011-03-01,Medián
lmp,5,2011-03-01,Tárki
lmp,6,2011-03-01,Századvég
lmp,6,2011-04-01,Nézőpont
lmp,3,2011-04-01,Medián
lmp,6,2011-04-01,Tárki
lmp,,2011-04-01,Századvég
lmp,8,2011-05-01,Nézőpont
lmp,5,2011-05-01,Medián
lmp,4,2011-05-01,Tárki
lmp,5,2011-05-01,Századvég
lmp,9,2011-06-01,Nézőpont
lmp,5,2011-06-01,Medián
lmp,3,2011-06-01,Tárki
lmp,8,2011-06-01,Századvég
lmp,7,2011-07-01,Nézőpont
lmp,4,2011-07-01,Medián
lmp,5,2011-07-01,Tárki
lmp,,2011-07-01,Századvég
lmp,3,2011-08-01,Nézőpont
lmp,,2011-08-01,Medián
lmp,,2011-08-01,Tárki
lmp,,2011-08-01,Századvég
lmp,3,2011-09-01,Nézőpont
lmp,6,2011-09-01,Medián
lmp,3,2011-09-01,Tárki
lmp,,2011-09-01,Századvég
lmp,3,2011-10-01,Nézőpont
lmp,5,2011-10-01,Medián
lmp,5,2011-10-01,Tárki
lmp,7,2011-10-01,Századvég
lmp,3,2011-11-01,Nézőpont
lmp,5,2011-11-01,Medián
lmp,4,2011-11-01,Tárki
lmp,,2011-11-01,Századvég
lmp,4,2011-12-01,Nézőpont
lmp,4,2011-12-01,Medián
lmp,4,2011-12-01,Tárki
lmp,5,2011-12-01,Századvég
lmp,4,2012-01-01,Nézőpont
lmp,4,2012-01-01,Medián
lmp,4,2012-01-01,Tárki
lmp,7,2012-01-01,Századvég
lmp,5,2012-02-01,Nézőpont
lmp,6,2012-02-01,Medián
lmp,3,2012-02-01,Tárki
lmp,6,2012-02-01,Századvég
lmp,5,2012-03-01,Nézőpont
lmp,5,2012-03-01,Medián
lmp,4,2012-03-01,Tárki
lmp,6,2012-03-01,Századvég
lmp,4,2012-04-01,Nézőpont
lmp,,2012-04-01,Medián
lmp,5,2012-04-01,Tárki
lmp,6,2012-04-01,Századvég
lmp,4,2012-05-01,Nézőpont
lmp,5,2012-05-01,Medián
lmp,5,2012-05-01,Tárki
lmp,7,2012-05-01,Századvég
lmp,7,2012-06-01,Nézőpont
lmp,6,2012-06-01,Medián
lmp,5,2012-06-01,Tárki
lmp,6,2012-06-01,Századvég
lmp,7,2012-07-01,Nézőpont
lmp,6,2012-07-01,Medián
lmp,5,2012-07-01,Tárki
lmp,6,2012-07-01,Századvég
lmp,4,2012-08-01,Nézőpont
lmp,,2012-08-01,Medián
lmp,,2012-08-01,Tárki
lmp,6,2012-08-01,Századvég
lmp,4,2012-09-01,Nézőpont
lmp,4,2012-09-01,Medián
lmp,5,2012-09-01,Tárki
lmp,5,2012-09-01,Századvég
lmp,3,2012-10-01,Nézőpont
lmp,4,2012-10-01,Medián
lmp,4,2012-10-01,Tárki
lmp,6,2012-10-01,Századvég
lmp,3,2012-11-01,Nézőpont
lmp,4,2012-11-01,Medián
lmp,3,2012-11-01,Tárki
lmp,4,2012-11-01,Századvég
lmp,5,2012-12-01,Nézőpont
lmp,,2012-12-01,Medián
lmp,3,2012-12-01,Tárki
lmp,,2012-12-01,Századvég
lmp,2,2013-01-01,Nézőpont
lmp,3,2013-01-01,Medián
lmp,3,2013-01-01,Tárki
lmp,4,2013-01-01,Századvég
lmp,2,2013-02-01,Nézőpont
lmp,2,2013-02-01,Medián
lmp,1,2013-02-01,Tárki
lmp,3,2013-02-01,Századvég
lmp,4,2013-03-01,Nézőpont
lmp,2,2013-03-01,Medián
lmp,2,2013-03-01,Tárki
lmp,2,2013-03-01,Századvég
lmp,5,2013-04-01,Nézőpont
lmp,2,2013-04-01,Medián
lmp,2,2013-04-01,Tárki
lmp,1,2013-04-01,Századvég
lmp,6,2013-05-01,Nézőpont
lmp,3,2013-05-01,Medián
lmp,2,2013-05-01,Tárki
lmp,2,2013-05-01,Századvég
lmp,3,2013-06-01,Nézőpont
lmp,,2013-06-01,Medián
lmp,3,2013-06-01,Tárki
lmp,2,2013-06-01,Századvég
lmp,4,2013-07-01,Nézőpont
lmp,2,2013-07-01,Medián
lmp,2,2013-07-01,Tárki
lmp,,2013-07-01,Századvég
lmp,5,2013-08-01,Nézőpont
lmp,,2013-08-01,Medián
lmp,,2013-08-01,Tárki
lmp,2,2013-08-01,Századvég
lmp,4,2013-09-01,Nézőpont
lmp,2,2013-09-01,Medián
lmp,,2013-09-01,Tárki
lmp,2,2013-09-01,Századvég
lmp,5,2013-10-01,Nézőpont
lmp,2,2013-10-01,Medián
lmp,2,2013-10-01,Tárki
lmp,1,2013-10-01,Századvég
lmp,4,2013-11-01,Nézőpont
lmp,2,2013-11-01,Medián
lmp,2,2013-11-01,Tárki
lmp,2,2013-11-01,Századvég
lmp,3,2013-12-01,Nézőpont
lmp,2,2013-12-01,Medián
lmp,3,2013-12-01,Tárki
lmp,,2013-12-01,Századvég
lmp,3,2014-01-01,Nézőpont
lmp,3,2014-01-01,Medián
lmp,1,2014-01-01,Tárki
lmp,3,2014-01-01,Századvég
lmp,3,2014-02-01,Nézőpont
lmp,3,2014-02-01,Medián
lmp,4,2014-02-01,Tárki
lmp,4,2014-02-01,Századvég
lmp,2,2014-03-01,Nézőpont
lmp,2,2014-03-01,Medián
lmp,4,2014-03-01,Tárki
lmp,5,2014-03-01,Századvég
lmp,6,2014-05-01,Nézőpont
lmp,4,2014-05-01,Medián
lmp,3,2014-05-01,Tárki
lmp,5,2014-05-01,Századvég
lmp,4,2014-06-01,Nézőpont
lmp,,2014-06-01,Medián
lmp,2,2014-06-01,Tárki
lmp,,2014-06-01,Századvég
lmp,6,2014-07-01,Nézőpont
lmp,,2014-07-01,Medián
lmp,2,2014-07-01,Tárki
lmp,4,2014-07-01,Századvég
lmp,4,2014-08-01,Nézőpont
lmp,,2014-08-01,Medián
lmp,,2014-08-01,Tárki
lmp,,2014-08-01,Századvég
lmp,4,2014-09-01,Nézőpont
lmp,3,2014-09-01,Medián
lmp,2,2014-09-01,Tárki
lmp,3,2014-09-01,Századvég
lmp,3,2014-10-01,Nézőpont
lmp,,2014-10-01,Medián
lmp,2,2014-10-01,Tárki
lmp,,2014-10-01,Századvég
lmp,5,2014-11-01,Nézőpont
lmp,,2014-11-01,Medián
lmp,3,2014-11-01,Tárki
lmp,,2014-11-01,Századvég
lmp,5,2014-12-01,Nézőpont
lmp,2,2014-12-01,Medián
lmp,,2014-12-01,Tárki
lmp,4,2014-12-01,Századvég
lmp,6,2015-01-01,Nézőpont
lmp,,2015-01-01,Medián
lmp,3,2015-01-01,Tárki
lmp,4,2015-01-01,Századvég
lmp,4,2015-02-01,Nézőpont
lmp,4,2015-02-01,Medián
lmp,,2015-02-01,Tárki
lmp,3,2015-02-01,Századvég
lmp,5,2015-03-01,Nézőpont
lmp,4,2015-03-01,Medián
lmp,,2015-03-01,Tárki
lmp,5,2015-03-01,Századvég
lmp,8,2015-04-01,Nézőpont
lmp,,2015-04-01,Medián
lmp,3,2015-04-01,Tárki
lmp,5,2015-04-01,Századvég
lmp,6,2015-05-01,Nézőpont
lmp,4,2015-05-01,Medián
lmp,,2015-05-01,Tárki
lmp,,2015-05-01,Századvég
lmp,4,2015-06-01,Nézőpont
lmp,,2015-06-01,Medián
lmp,,2015-06-01,Tárki
lmp,6,2015-06-01,Századvég
lmp,4,2015-07-01,Nézőpont
lmp,,2015-07-01,Medián
lmp,2,2015-07-01,Tárki
lmp,,2015-07-01,Századvég
lmp,5,2015-08-01,Nézőpont
lmp,,2015-08-01,Medián
lmp,,2015-08-01,Tárki
lmp,,2015-08-01,Századvég
lmp,4,2015-09-01,Nézőpont
lmp,2,2015-09-01,Medián
lmp,,2015-09-01,Tárki
lmp,5,2015-09-01,Századvég
lmp,4,2015-10-01,Nézőpont
lmp,,2015-10-01,Medián
lmp,2,2015-10-01,Tárki
lmp,,2015-10-01,Századvég
lmp,4,2015-11-01,Nézőpont
lmp,2,2015-11-01,Medián
lmp,,2015-11-01,Tárki
lmp,,2015-11-01,Századvég
lmp,3,2015-12-01,Nézőpont
lmp,,2015-12-01,Medián
lmp,,2015-12-01,Tárki
lmp,,2015-12-01,Századvég
lmp,3,2016-01-01,Nézőpont
lmp,3,2016-01-01,Medián
lmp,2,2016-01-01,Tárki
lmp,5,2016-01-01,Századvég
lmp,3,2016-02-01,Nézőpont
lmp,2,2016-02-01,Medián
lmp,,2016-02-01,Tárki
lmp,4,2016-02-01,Századvég
lmp,,2016-03-01,Nézőpont
lmp,,2016-03-01,Medián
lmp,,2016-03-01,Tárki
lmp,,2016-03-01,Századvég
lmp,4,2016-04-01,Nézőpont
lmp,3,2016-04-01,Medián
lmp,2,2016-04-01,Tárki
lmp,,2016-04-01,Századvég
lmp,3,2016-05-01,Nézőpont
lmp,,2016-05-01,Medián
lmp,,2016-05-01,Tárki
lmp,,2016-05-01,Századvég
lmp,4,2016-06-01,Nézőpont
lmp,4,2016-06-01,Medián
lmp,,2016-06-01,Tárki
lmp,3,2016-06-01,Századvég
lmp,5,2016-07-01,Nézőpont
lmp,,2016-07-01,Medián
lmp,3,2016-07-01,Tárki
lmp,4,2016-07-01,Századvég
lmp,4,2016-08-01,Nézőpont
lmp,,2016-08-01,Medián
lmp,,2016-08-01,Tárki
lmp,,2016-08-01,Századvég
lmp,3,2016-09-01,Nézőpont
lmp,3,2016-09-01,Medián
lmp,,2016-09-01,Tárki
lmp,4,2016-09-01,Századvég
lmp,3,2016-10-01,Nézőpont
lmp,,2016-10-01,Medián
lmp,2,2016-10-01,Tárki
lmp,,2016-10-01,Századvég
lmp,3,2016-11-01,Nézőpont
lmp,3,2016-11-01,Medián
lmp,,2016-11-01,Tárki
lmp,,2016-11-01,Századvég
lmp,,2016-12-01,Nézőpont
lmp,,2016-12-01,Medián
lmp,,2016-12-01,Tárki
lmp,4,2016-12-01,Századvég
lmp,3,2017-01-01,Nézőpont
lmp,3,2017-01-01,Medián
lmp,3,2017-01-01,Tárki
lmp,,2017-01-01,Századvég
lmp,3,2017-02-01,Nézőpont
lmp,,2017-02-01,Medián
lmp,,2017-02-01,Tárki
lmp,4,2017-02-01,Századvég
lmp,3,2017-03-01,Nézőpont
lmp,,2017-03-01,Medián
lmp,,2017-03-01,Tárki
lmp,,2017-03-01,Századvég
lmp,3,2017-04-01,Nézőpont
lmp,4,2017-04-01,Medián
lmp,3,2017-04-01,Tárki
lmp,4,2017-04-01,Századvég
lmp,3,2017-05-01,Nézőpont
lmp,,2017-05-01,Medián
lmp,,2017-05-01,Tárki
lmp,4,2017-05-01,Századvég
lmp,2,2017-06-01,Nézőpont
lmp,3,2017-06-01,Medián
lmp,,2017-06-01,Tárki
lmp,4,2017-06-01,Századvég
lmp,2,2017-07-01,Nézőpont
lmp,,2017-07-01,Medián
lmp,2,2017-07-01,Tárki
lmp,3,2017-07-01,Századvég
lmp,2,2017-08-01,Nézőpont
lmp,,2017-08-01,Medián
lmp,,2017-08-01,Tárki
lmp,4,2017-08-01,Századvég
lmp,3,2017-09-01,Nézőpont
lmp,5,2017-09-01,Medián
lmp,,2017-09-01,Tárki
lmp,5,2017-09-01,Századvég
lmp,3,2017-10-01,Nézőpont
lmp,4,2017-10-01,Medián
lmp,3,2017-10-01,Tárki
lmp,6,2017-10-01,Századvég
lmp,4,2017-11-01,Nézőpont
lmp,5,2017-11-01,Medián
lmp,,2017-11-01,Tárki
lmp,7,2017-11-01,Századvég
lmp,4,2017-12-01,Nézőpont
lmp,,2017-12-01,Medián
lmp,,2017-12-01,Tárki
lmp,6,2017-12-01,Századvég
lmp,3,2018-01-01,Nézőpont
lmp,5,2018-01-01,Medián
lmp,4,2018-01-01,Tárki
lmp,7,2018-01-01,Századvég
lmp,4,2018-02-01,Nézőpont
lmp,,2018-02-01,Medián
lmp,,2018-02-01,Tárki
lmp,7,2018-02-01,Századvég
egyutt,5,2012-10-01,Nézőpont
egyutt,14,2012-10-01,Medián
egyutt,,2012-10-01,Tárki
egyutt,,2012-10-01,Századvég
egyutt,7,2012-11-01,Nézőpont
egyutt,10,2012-11-01,Medián
egyutt,7,2012-11-01,Tárki
egyutt,,2012-11-01,Századvég
egyutt,6,2012-12-01,Nézőpont
egyutt,,2012-12-01,Medián
egyutt,5,2012-12-01,Tárki
egyutt,,2012-12-01,Századvég
egyutt,8,2013-01-01,Nézőpont
egyutt,6,2013-01-01,Medián
egyutt,3,2013-01-01,Tárki
egyutt,,2013-01-01,Századvég
egyutt,6,2013-02-01,Nézőpont
egyutt,8,2013-02-01,Medián
egyutt,5,2013-02-01,Tárki
egyutt,5,2013-02-01,Századvég
egyutt,5,2013-03-01,Nézőpont
egyutt,6,2013-03-01,Medián
egyutt,6,2013-03-01,Tárki
egyutt,6,2013-03-01,Századvég
egyutt,7,2013-04-01,Nézőpont
egyutt,7,2013-04-01,Medián
egyutt,4,2013-04-01,Tárki
egyutt,5,2013-04-01,Századvég
egyutt,8,2013-05-01,Nézőpont
egyutt,7,2013-05-01,Medián
egyutt,5,2013-05-01,Tárki
egyutt,6,2013-05-01,Századvég
egyutt,10,2013-06-01,Nézőpont
egyutt,,2013-06-01,Medián
egyutt,4,2013-06-01,Tárki
egyutt,4,2013-06-01,Századvég
egyutt,10,2013-07-01,Nézőpont
egyutt,6,2013-07-01,Medián
egyutt,4,2013-07-01,Tárki
egyutt,,2013-07-01,Századvég
egyutt,8,2013-08-01,Nézőpont
egyutt,,2013-08-01,Medián
egyutt,,2013-08-01,Tárki
egyutt,4,2013-08-01,Századvég
egyutt,5,2013-09-01,Nézőpont
egyutt,6,2013-09-01,Medián
egyutt,3,2013-09-01,Tárki
egyutt,4,2013-09-01,Századvég
egyutt,5,2013-10-01,Nézőpont
egyutt,5,2013-10-01,Medián
egyutt,5,2013-10-01,Tárki
egyutt,4,2013-10-01,Századvég
egyutt,6,2013-11-01,Nézőpont
egyutt,4,2013-11-01,Medián
egyutt,5,2013-11-01,Tárki
egyutt,4,2013-11-01,Századvég
egyutt,6,2013-12-01,Nézőpont
egyutt,5,2013-12-01,Medián
egyutt,4,2013-12-01,Tárki
egyutt,,2013-12-01,Századvég
egyutt,7,2014-01-01,Nézőpont
egyutt,6,2014-01-01,Medián
egyutt,4,2014-01-01,Tárki
egyutt,4,2014-01-01,Századvég
egyutt,,2014-02-01,Nézőpont
egyutt,,2014-02-01,Medián
egyutt,,2014-02-01,Tárki
egyutt,,2014-02-01,Századvég
egyutt,,2014-03-01,Nézőpont
egyutt,,2014-03-01,Medián
egyutt,,2014-03-01,Tárki
egyutt,,2014-03-01,Századvég
egyutt,6,2014-05-01,Nézőpont
egyutt,4,2014-05-01,Medián
egyutt,2,2014-05-01,Tárki
egyutt,4,2014-05-01,Századvég
egyutt,3,2014-06-01,Nézőpont
egyutt,,2014-06-01,Medián
egyutt,2,2014-06-01,Tárki
egyutt,,2014-06-01,Századvég
egyutt,3,2014-07-01,Nézőpont
egyutt,,2014-07-01,Medián
egyutt,4,2014-07-01,Tárki
egyutt,3,2014-07-01,Századvég
egyutt,3,2014-08-01,Nézőpont
egyutt,,2014-08-01,Medián
egyutt,,2014-08-01,Tárki
egyutt,,2014-08-01,Századvég
egyutt,3,2014-09-01,Nézőpont
egyutt,4,2014-09-01,Medián
egyutt,1,2014-09-01,Tárki
egyutt,3,2014-09-01,Századvég
egyutt,1,2014-10-01,Nézőpont
egyutt,,2014-10-01,Medián
egyutt,1,2014-10-01,Tárki
egyutt,,2014-10-01,Századvég
egyutt,1,2014-11-01,Nézőpont
egyutt,,2014-11-01,Medián
egyutt,2,2014-11-01,Tárki
egyutt,,2014-11-01,Századvég
egyutt,2,2014-12-01,Nézőpont
egyutt,3,2014-12-01,Medián
egyutt,,2014-12-01,Tárki
egyutt,3,2014-12-01,Századvég
egyutt,1,2015-01-01,Nézőpont
egyutt,,2015-01-01,Medián
egyutt,2,2015-01-01,Tárki
egyutt,2,2015-01-01,Századvég
egyutt,0,2015-02-01,Nézőpont
egyutt,3,2015-02-01,Medián
egyutt,,2015-02-01,Tárki
egyutt,2,2015-02-01,Századvég
egyutt,2,2015-03-01,Nézőpont
egyutt,1,2015-03-01,Medián
egyutt,,2015-03-01,Tárki
egyutt,2,2015-03-01,Századvég
egyutt,3,2015-04-01,Nézőpont
egyutt,,2015-04-01,Medián
egyutt,1,2015-04-01,Tárki
egyutt,1,2015-04-01,Századvég
egyutt,2,2015-05-01,Nézőpont
egyutt,2,2015-05-01,Medián
egyutt,,2015-05-01,Tárki
egyutt,,2015-05-01,Századvég
egyutt,1,2015-06-01,Nézőpont
egyutt,,2015-06-01,Medián
egyutt,,2015-06-01,Tárki
egyutt,2,2015-06-01,Századvég
egyutt,,2015-07-01,Nézőpont
egyutt,,2015-07-01,Medián
egyutt,1,2015-07-01,Tárki
egyutt,,2015-07-01,Századvég
egyutt,1,2015-08-01,Nézőpont
egyutt,,2015-08-01,Medián
egyutt,,2015-08-01,Tárki
egyutt,,2015-08-01,Századvég
egyutt,1,2015-09-01,Nézőpont
egyutt,2,2015-09-01,Medián
egyutt,,2015-09-01,Tárki
egyutt,2,2015-09-01,Századvég
egyutt,2,2015-10-01,Nézőpont
egyutt,,2015-10-01,Medián
egyutt,1,2015-10-01,Tárki
egyutt,,2015-10-01,Századvég
egyutt,1,2015-11-01,Nézőpont
egyutt,1,2015-11-01,Medián
egyutt,,2015-11-01,Tárki
egyutt,,2015-11-01,Századvég
egyutt,0,2015-12-01,Nézőpont
egyutt,,2015-12-01,Medián
egyutt,,2015-12-01,Tárki
egyutt,,2015-12-01,Századvég
egyutt,3,2016-01-01,Nézőpont
egyutt,2,2016-01-01,Medián
egyutt,2,2016-01-01,Tárki
egyutt,1,2016-01-01,Századvég
egyutt,1,2016-02-01,Nézőpont
egyutt,1,2016-02-01,Medián
egyutt,,2016-02-01,Tárki
egyutt,1,2016-02-01,Századvég
egyutt,,2016-03-01,Nézőpont
egyutt,,2016-03-01,Medián
egyutt,,2016-03-01,Tárki
egyutt,,2016-03-01,Századvég
egyutt,2,2016-04-01,Nézőpont
egyutt,2,2016-04-01,Medián
egyutt,1,2016-04-01,Tárki
egyutt,,2016-04-01,Századvég
egyutt,2,2016-05-01,Nézőpont
egyutt,,2016-05-01,Medián
egyutt,,2016-05-01,Tárki
egyutt,,2016-05-01,Századvég
egyutt,1,2016-06-01,Nézőpont
egyutt,2,2016-06-01,Medián
egyutt,,2016-06-01,Tárki
egyutt,1,2016-06-01,Századvég
egyutt,1,2016-07-01,Nézőpont
egyutt,,2016-07-01,Medián
egyutt,1,2016-07-01,Tárki
egyutt,1,2016-07-01,Századvég
egyutt,2,2016-08-01,Nézőpont
egyutt,,2016-08-01,Medián
egyutt,,2016-08-01,Tárki
egyutt,,2016-08-01,Századvég
egyutt,2,2016-09-01,Nézőpont
egyutt,2,2016-09-01,Medián
egyutt,,2016-09-01,Tárki
egyutt,2,2016-09-01,Századvég
egyutt,2,2016-10-01,Nézőpont
egyutt,,2016-10-01,Medián
egyutt,1,2016-10-01,Tárki
egyutt,,2016-10-01,Századvég
egyutt,1,2016-11-01,Nézőpont
egyutt,2,2016-11-01,Medián
egyutt,,2016-11-01,Tárki
egyutt,,2016-11-01,Századvég
egyutt,,2016-12-01,Nézőpont
egyutt,,2016-12-01,Medián
egyutt,,2016-12-01,Tárki
egyutt,0,2016-12-01,Századvég
egyutt,1,2017-01-01,Nézőpont
egyutt,2,2017-01-01,Medián
egyutt,1,2017-01-01,Tárki
egyutt,,2017-01-01,Századvég
egyutt,2,2017-02-01,Nézőpont
egyutt,,2017-02-01,Medián
egyutt,,2017-02-01,Tárki
egyutt,1,2017-02-01,Századvég
egyutt,1,2017-03-01,Nézőpont
egyutt,,2017-03-01,Medián
egyutt,,2017-03-01,Tárki
egyutt,,2017-03-01,Századvég
egyutt,1,2017-04-01,Nézőpont
egyutt,1,2017-04-01,Medián
egyutt,1,2017-04-01,Tárki
egyutt,1,2017-04-01,Századvég
egyutt,1,2017-05-01,Nézőpont
egyutt,,2017-05-01,Medián
egyutt,,2017-05-01,Tárki
egyutt,1,2017-05-01,Századvég
egyutt,1,2017-06-01,Nézőpont
egyutt,1,2017-06-01,Medián
egyutt,,2017-06-01,Tárki
egyutt,,2017-06-01,Századvég
egyutt,1,2017-07-01,Nézőpont
egyutt,,2017-07-01,Medián
egyutt,1,2017-07-01,Tárki
egyutt,1,2017-07-01,Századvég
egyutt,1,2017-08-01,Nézőpont
egyutt,,2017-08-01,Medián
egyutt,,2017-08-01,Tárki
egyutt,1,2017-08-01,Századvég
egyutt,1,2017-09-01,Nézőpont
egyutt,1,2017-09-01,Medián
egyutt,,2017-09-01,Tárki
egyutt,1,2017-09-01,Századvég
egyutt,1,2017-10-01,Nézőpont
egyutt,1,2017-10-01,Medián
egyutt,1,2017-10-01,Tárki
egyutt,1,2017-10-01,Századvég
egyutt,1,2017-11-01,Nézőpont
egyutt,1,2017-11-01,Medián
egyutt,,2017-11-01,Tárki
egyutt,1,2017-11-01,Századvég
egyutt,1,2017-12-01,Nézőpont
egyutt,,2017-12-01,Medián
egyutt,,2017-12-01,Tárki
egyutt,1,2017-12-01,Századvég
egyutt,1,2018-01-01,Nézőpont
egyutt,1,2018-01-01,Medián
egyutt,1,2018-01-01,Tárki
egyutt,1,2018-01-01,Századvég
egyutt,1,2018-02-01,Nézőpont
egyutt,,2018-02-01,Medián
egyutt,,2018-02-01,Tárki
egyutt,1,2018-02-01,Századvég
dk,2,2011-11-01,Nézőpont
dk,2,2011-11-01,Medián
dk,2,2011-11-01,Tárki
dk,,2011-11-01,Századvég
dk,2,2011-12-01,Nézőpont
dk,3,2011-12-01,Medián
dk,2,2011-12-01,Tárki
dk,2,2011-12-01,Századvég
dk,1,2012-01-01,Nézőpont
dk,2,2012-01-01,Medián
dk,2,2012-01-01,Tárki
dk,3,2012-01-01,Századvég
dk,2,2012-02-01,Nézőpont
dk,2,2012-02-01,Medián
dk,3,2012-02-01,Tárki
dk,2,2012-02-01,Századvég
dk,2,2012-03-01,Nézőpont
dk,2,2012-03-01,Medián
dk,3,2012-03-01,Tárki
dk,1,2012-03-01,Századvég
dk,2,2012-04-01,Nézőpont
dk,,2012-04-01,Medián
dk,3,2012-04-01,Tárki
dk,2,2012-04-01,Századvég
dk,1,2012-05-01,Nézőpont
dk,2,2012-05-01,Medián
dk,2,2012-05-01,Tárki
dk,3,2012-05-01,Századvég
dk,1,2012-06-01,Nézőpont
dk,2,2012-06-01,Medián
dk,2,2012-06-01,Tárki
dk,3,2012-06-01,Századvég
dk,1,2012-07-01,Nézőpont
dk,1,2012-07-01,Medián
dk,2,2012-07-01,Tárki
dk,2,2012-07-01,Századvég
dk,2,2012-08-01,Nézőpont
dk,,2012-08-01,Medián
dk,,2012-08-01,Tárki
dk,1,2012-08-01,Századvég
dk,1,2012-09-01,Nézőpont
dk,3,2012-09-01,Medián
dk,3,2012-09-01,Tárki
dk,3,2012-09-01,Századvég
dk,2,2012-10-01,Nézőpont
dk,2,2012-10-01,Medián
dk,1,2012-10-01,Tárki
dk,2,2012-10-01,Századvég
dk,1,2012-11-01,Nézőpont
dk,2,2012-11-01,Medián
dk,1,2012-11-01,Tárki
dk,2,2012-11-01,Századvég
dk,3,2012-12-01,Nézőpont
dk,,2012-12-01,Medián
dk,1,2012-12-01,Tárki
dk,,2012-12-01,Századvég
dk,2,2013-01-01,Nézőpont
dk,2,2013-01-01,Medián
dk,1,2013-01-01,Tárki
dk,1,2013-01-01,Századvég
dk,1,2013-02-01,Nézőpont
dk,2,2013-02-01,Medián
dk,1,2013-02-01,Tárki
dk,1,2013-02-01,Századvég
dk,1,2013-03-01,Nézőpont
dk,1,2013-03-01,Medián
dk,1,2013-03-01,Tárki
dk,1,2013-03-01,Századvég
dk,1,2013-04-01,Nézőpont
dk,1,2013-04-01,Medián
dk,1,2013-04-01,Tárki
dk,1,2013-04-01,Századvég
dk,1,2013-05-01,Nézőpont
dk,2,2013-05-01,Medián
dk,2,2013-05-01,Tárki
dk,1,2013-05-01,Századvég
dk,1,2013-06-01,Nézőpont
dk,,2013-06-01,Medián
dk,1,2013-06-01,Tárki
dk,1,2013-06-01,Századvég
dk,0,2013-07-01,Nézőpont
dk,2,2013-07-01,Medián
dk,2,2013-07-01,Tárki
dk,,2013-07-01,Századvég
dk,1,2013-08-01,Nézőpont
dk,,2013-08-01,Medián
dk,,2013-08-01,Tárki
dk,1,2013-08-01,Századvég
dk,2,2013-09-01,Nézőpont
dk,3,2013-09-01,Medián
dk,2,2013-09-01,Tárki
dk,2,2013-09-01,Századvég
dk,2,2013-10-01,Nézőpont
dk,3,2013-10-01,Medián
dk,3,2013-10-01,Tárki
dk,4,2013-10-01,Századvég
dk,2,2013-11-01,Nézőpont
dk,4,2013-11-01,Medián
dk,3,2013-11-01,Tárki
dk,3,2013-11-01,Századvég
dk,3,2013-12-01,Nézőpont
dk,4,2013-12-01,Medián
dk,4,2013-12-01,Tárki
dk,,2013-12-01,Századvég
dk,4,2014-01-01,Nézőpont
dk,4,2014-01-01,Medián
dk,3,2014-01-01,Tárki
dk,3,2014-01-01,Századvég
dk,,2014-02-01,Nézőpont
dk,,2014-02-01,Medián
dk,,2014-02-01,Tárki
dk,,2014-02-01,Századvég
dk,,2014-03-01,Nézőpont
dk,,2014-03-01,Medián
dk,,2014-03-01,Tárki
dk,,2014-03-01,Századvég
dk,3,2014-05-01,Nézőpont
dk,2,2014-05-01,Medián
dk,3,2014-05-01,Tárki
dk,3,2014-05-01,Századvég
dk,4,2014-06-01,Nézőpont
dk,,2014-06-01,Medián
dk,4,2014-06-01,Tárki
dk,,2014-06-01,Századvég
dk,5,2014-07-01,Nézőpont
dk,,2014-07-01,Medián
dk,2,2014-07-01,Tárki
dk,6,2014-07-01,Századvég
dk,5,2014-08-01,Nézőpont
dk,,2014-08-01,Medián
dk,,2014-08-01,Tárki
dk,,2014-08-01,Századvég
dk,6,2014-09-01,Nézőpont
dk,3,2014-09-01,Medián
dk,4,2014-09-01,Tárki
dk,5,2014-09-01,Századvég
dk,5,2014-10-01,Nézőpont
dk,,2014-10-01,Medián
dk,3,2014-10-01,Tárki
dk,,2014-10-01,Századvég
dk,6,2014-11-01,Nézőpont
dk,,2014-11-01,Medián
dk,3,2014-11-01,Tárki
dk,,2014-11-01,Századvég
dk,5,2014-12-01,Nézőpont
dk,3,2014-12-01,Medián
dk,,2014-12-01,Tárki
dk,3,2014-12-01,Századvég
dk,5,2015-01-01,Nézőpont
dk,,2015-01-01,Medián
dk,6,2015-01-01,Tárki
dk,3,2015-01-01,Századvég
dk,6,2015-02-01,Nézőpont
dk,5,2015-02-01,Medián
dk,,2015-02-01,Tárki
dk,3,2015-02-01,Századvég
dk,6,2015-03-01,Nézőpont
dk,6,2015-03-01,Medián
dk,,2015-03-01,Tárki
dk,4,2015-03-01,Századvég
dk,6,2015-04-01,Nézőpont
dk,,2015-04-01,Medián
dk,5,2015-04-01,Tárki
dk,4,2015-04-01,Századvég
dk,6,2015-05-01,Nézőpont
dk,5,2015-05-01,Medián
dk,,2015-05-01,Tárki
dk,,2015-05-01,Századvég
dk,6,2015-06-01,Nézőpont
dk,,2015-06-01,Medián
dk,,2015-06-01,Tárki
dk,5,2015-06-01,Századvég
dk,6,2015-07-01,Nézőpont
dk,,2015-07-01,Medián
dk,4,2015-07-01,Tárki
dk,,2015-07-01,Századvég
dk,6,2015-08-01,Nézőpont
dk,,2015-08-01,Medián
dk,,2015-08-01,Tárki
dk,,2015-08-01,Századvég
dk,5,2015-09-01,Nézőpont
dk,4,2015-09-01,Medián
dk,,2015-09-01,Tárki
dk,6,2015-09-01,Századvég
dk,5,2015-10-01,Nézőpont
dk,,2015-10-01,Medián
dk,3,2015-10-01,Tárki
dk,,2015-10-01,Századvég
dk,5,2015-11-01,Nézőpont
dk,6,2015-11-01,Medián
dk,,2015-11-01,Tárki
dk,,2015-11-01,Századvég
dk,6,2015-12-01,Nézőpont
dk,,2015-12-01,Medián
dk,,2015-12-01,Tárki
dk,,2015-12-01,Századvég
dk,5,2016-01-01,Nézőpont
dk,4,2016-01-01,Medián
dk,3,2016-01-01,Tárki
dk,7,2016-01-01,Századvég
dk,6,2016-02-01,Nézőpont
dk,6,2016-02-01,Medián
dk,,2016-02-01,Tárki
dk,6,2016-02-01,Századvég
dk,,2016-03-01,Nézőpont
dk,,2016-03-01,Medián
dk,,2016-03-01,Tárki
dk,,2016-03-01,Századvég
dk,4,2016-04-01,Nézőpont
dk,6,2016-04-01,Medián
dk,4,2016-04-01,Tárki
dk,,2016-04-01,Századvég
dk,5,2016-05-01,Nézőpont
dk,,2016-05-01,Medián
dk,,2016-05-01,Tárki
dk,,2016-05-01,Századvég
dk,7,2016-06-01,Nézőpont
dk,5,2016-06-01,Medián
dk,,2016-06-01,Tárki
dk,5,2016-06-01,Századvég
dk,5,2016-07-01,Nézőpont
dk,,2016-07-01,Medián
dk,5,2016-07-01,Tárki
dk,5,2016-07-01,Századvég
dk,6,2016-08-01,Nézőpont
dk,,2016-08-01,Medián
dk,,2016-08-01,Tárki
dk,,2016-08-01,Századvég
dk,5,2016-09-01,Nézőpont
dk,4,2016-09-01,Medián
dk,,2016-09-01,Tárki
dk,4,2016-09-01,Századvég
dk,5,2016-10-01,Nézőpont
dk,,2016-10-01,Medián
dk,4,2016-10-01,Tárki
dk,,2016-10-01,Századvég
dk,5,2016-11-01,Nézőpont
dk,6,2016-11-01,Medián
dk,,2016-11-01,Tárki
dk,,2016-11-01,Századvég
dk,,2016-12-01,Nézőpont
dk,,2016-12-01,Medián
dk,,2016-12-01,Tárki
dk,4,2016-12-01,Századvég
dk,4,2017-01-01,Nézőpont
dk,4,2017-01-01,Medián
dk,4,2017-01-01,Tárki
dk,,2017-01-01,Századvég
dk,4,2017-02-01,Nézőpont
dk,,2017-02-01,Medián
dk,,2017-02-01,Tárki
dk,4,2017-02-01,Századvég
dk,3,2017-03-01,Nézőpont
dk,,2017-03-01,Medián
dk,,2017-03-01,Tárki
dk,,2017-03-01,Századvég
dk,3,2017-04-01,Nézőpont
dk,4,2017-04-01,Medián
dk,5,2017-04-01,Tárki
dk,5,2017-04-01,Századvég
dk,3,2017-05-01,Nézőpont
dk,,2017-05-01,Medián
dk,,2017-05-01,Tárki
dk,4,2017-05-01,Századvég
dk,3,2017-06-01,Nézőpont
dk,4,2017-06-01,Medián
dk,,2017-06-01,Tárki
dk,,2017-06-01,Századvég
dk,4,2017-07-01,Nézőpont
dk,,2017-07-01,Medián
dk,3,2017-07-01,Tárki
dk,4,2017-07-01,Századvég
dk,4,2017-08-01,Nézőpont
dk,,2017-08-01,Medián
dk,,2017-08-01,Tárki
dk,4,2017-08-01,Századvég
dk,4,2017-09-01,Nézőpont
dk,3,2017-09-01,Medián
dk,,2017-09-01,Tárki
dk,4,2017-09-01,Századvég
dk,4,2017-10-01,Nézőpont
dk,5,2017-10-01,Medián
dk,3,2017-10-01,Tárki
dk,5,2017-10-01,Századvég
dk,4,2017-11-01,Nézőpont
dk,5,2017-11-01,Medián
dk,,2017-11-01,Tárki
dk,4,2017-11-01,Századvég
dk,4,2017-12-01,Nézőpont
dk,,2017-12-01,Medián
dk,,2017-12-01,Tárki
dk,5,2017-12-01,Századvég
dk,4,2018-01-01,Nézőpont
dk,6,2018-01-01,Medián
dk,5,2018-01-01,Tárki
dk,5,2018-01-01,Századvég
dk,4,2018-02-01,Nézőpont
dk,,2018-02-01,Medián
dk,,2018-02-01,Tárki
dk,5,2018-02-01,Századvég
liberalis,,2016-12-01,Nézőpont
liberalis,,2016-12-01,Medián
liberalis,,2016-12-01,Tárki
liberalis,0,2016-12-01,Századvég
liberalis,1,2017-01-01,Nézőpont
liberalis,1,2017-01-01,Medián
liberalis,0,2017-01-01,Tárki
liberalis,,2017-01-01,Századvég
liberalis,1,2017-02-01,Nézőpont
liberalis,,2017-02-01,Medián
liberalis,,2017-02-01,Tárki
liberalis,0,2017-02-01,Századvég
liberalis,1,2017-03-01,Nézőpont
liberalis,,2017-03-01,Medián
liberalis,,2017-03-01,Tárki
liberalis,,2017-03-01,Századvég
liberalis,1,2017-04-01,Nézőpont
liberalis,0,2017-04-01,Medián
liberalis,0,2017-04-01,Tárki
liberalis,0,2017-04-01,Századvég
liberalis,1,2017-05-01,Nézőpont
liberalis,,2017-05-01,Medián
liberalis,,2017-05-01,Tárki
liberalis,0,2017-05-01,Századvég
liberalis,1,2017-06-01,Nézőpont
liberalis,0,2017-06-01,Medián
liberalis,,2017-06-01,Tárki
liberalis,,2017-06-01,Századvég
liberalis,1,2017-07-01,Nézőpont
liberalis,,2017-07-01,Medián
liberalis,0,2017-07-01,Tárki
liberalis,0,2017-07-01,Századvég
liberalis,1,2017-08-01,Nézőpont
liberalis,,2017-08-01,Medián
liberalis,,2017-08-01,Tárki
liberalis,0,2017-08-01,Századvég
liberalis,1,2017-09-01,Nézőpont
liberalis,0,2017-09-01,Medián
liberalis,,2017-09-01,Tárki
liberalis,0,2017-09-01,Századvég
liberalis,1,2017-10-01,Nézőpont
liberalis,1,2017-10-01,Medián
liberalis,0,2017-10-01,Tárki
liberalis,0,2017-10-01,Századvég
liberalis,1,2017-11-01,Nézőpont
liberalis,0,2017-11-01,Medián
liberalis,,2017-11-01,Tárki
liberalis,0,2017-11-01,Századvég
liberalis,1,2017-12-01,Nézőpont
liberalis,,2017-12-01,Medián
liberalis,,2017-12-01,Tárki
liberalis,0,2017-12-01,Századvég
liberalis,1,2018-01-01,Nézőpont
liberalis,0,2018-01-01,Medián
liberalis,0,2018-01-01,Tárki
liberalis,0,2018-01-01,Századvég
liberalis,1,2018-02-01,Nézőpont
liberalis,,2018-02-01,Medián
liberalis,,2018-02-01,Tárki
liberalis,0,2018-02-01,Századvég
ketfarku,,2016-12-01,Nézőpont
ketfarku,,2016-12-01,Medián
ketfarku,,2016-12-01,Tárki
ketfarku,0,2016-12-01,Századvég
ketfarku,2,2017-01-01,Nézőpont
ketfarku,1,2017-01-01,Medián
ketfarku,0,2017-01-01,Tárki
ketfarku,,2017-01-01,Századvég
ketfarku,2,2017-02-01,Nézőpont
ketfarku,,2017-02-01,Medián
ketfarku,,2017-02-01,Tárki
ketfarku,0,2017-02-01,Századvég
ketfarku,1,2017-03-01,Nézőpont
ketfarku,,2017-03-01,Medián
ketfarku,,2017-03-01,Tárki
ketfarku,,2017-03-01,Századvég
ketfarku,2,2017-04-01,Nézőpont
ketfarku,1,2017-04-01,Medián
ketfarku,0,2017-04-01,Tárki
ketfarku,0,2017-04-01,Századvég
ketfarku,1,2017-05-01,Nézőpont
ketfarku,,2017-05-01,Medián
ketfarku,,2017-05-01,Tárki
ketfarku,0,2017-05-01,Századvég
ketfarku,1,2017-06-01,Nézőpont
ketfarku,1,2017-06-01,Medián
ketfarku,,2017-06-01,Tárki
ketfarku,,2017-06-01,Századvég
ketfarku,1,2017-07-01,Nézőpont
ketfarku,,2017-07-01,Medián
ketfarku,0,2017-07-01,Tárki
ketfarku,0,2017-07-01,Századvég
ketfarku,1,2017-08-01,Nézőpont
ketfarku,,2017-08-01,Medián
ketfarku,,2017-08-01,Tárki
ketfarku,0,2017-08-01,Századvég
ketfarku,1,2017-09-01,Nézőpont
ketfarku,1,2017-09-01,Medián
ketfarku,,2017-09-01,Tárki
ketfarku,0,2017-09-01,Századvég
ketfarku,2,2017-10-01,Nézőpont
ketfarku,1,2017-10-01,Medián
ketfarku,0,2017-10-01,Tárki
ketfarku,0,2017-10-01,Századvég
ketfarku,1,2017-11-01,Nézőpont
ketfarku,1,2017-11-01,Medián
ketfarku,,2017-11-01,Tárki
ketfarku,0,2017-11-01,Századvég
ketfarku,1,2017-12-01,Nézőpont
ketfarku,,2017-12-01,Medián
ketfarku,,2017-12-01,Tárki
ketfarku,0,2017-12-01,Századvég
ketfarku,1,2018-01-01,Nézőpont
ketfarku,1,2018-01-01,Medián
ketfarku,0,2018-01-01,Tárki
ketfarku,0,2018-01-01,Századvég
ketfarku,1,2018-02-01,Nézőpont
ketfarku,,2018-02-01,Medián
ketfarku,,2018-02-01,Tárki
ketfarku,0,2018-02-01,Századvég
momentum,1,2017-03-01,Nézőpont
momentum,,2017-03-01,Medián
momentum,,2017-03-01,Tárki
momentum,,2017-03-01,Századvég
momentum,1,2017-04-01,Nézőpont
momentum,2,2017-04-01,Medián
momentum,1,2017-04-01,Tárki
momentum,0,2017-04-01,Századvég
momentum,1,2017-05-01,Nézőpont
momentum,,2017-05-01,Medián
momentum,,2017-05-01,Tárki
momentum,0,2017-05-01,Századvég
momentum,2,2017-06-01,Nézőpont
momentum,1,2017-06-01,Medián
momentum,,2017-06-01,Tárki
momentum,,2017-06-01,Századvég
momentum,2,2017-07-01,Nézőpont
momentum,,2017-07-01,Medián
momentum,2,2017-07-01,Tárki
momentum,0,2017-07-01,Századvég
momentum,3,2017-08-01,Nézőpont
momentum,,2017-08-01,Medián
momentum,,2017-08-01,Tárki
momentum,0,2017-08-01,Századvég
momentum,2,2017-09-01,Nézőpont
momentum,2,2017-09-01,Medián
momentum,,2017-09-01,Tárki
momentum,0,2017-09-01,Századvég
momentum,2,2017-10-01,Nézőpont
momentum,1,2017-10-01,Medián
momentum,1,2017-10-01,Tárki
momentum,0,2017-10-01,Századvég
momentum,2,2017-11-01,Nézőpont
momentum,1,2017-11-01,Medián
momentum,,2017-11-01,Tárki
momentum,0,2017-11-01,Századvég
momentum,2,2017-12-01,Nézőpont
momentum,,2017-12-01,Medián
momentum,,2017-12-01,Tárki
momentum,0,2017-12-01,Századvég
momentum,2,2018-01-01,Nézőpont
momentum,1,2018-01-01,Medián
momentum,1,2018-01-01,Tárki
momentum,0,2018-01-01,Századvég
momentum,2,2018-02-01,Nézőpont
momentum,,2018-02-01,Medián
momentum,,2018-02-01,Tárki
momentum,0,2018-02-01,Századvég
