nev,id,listan_is_indul,ferfi,dr,nemzetiseg,ismert,egyeniben_nyert,listan_nyert
Abházi Ernő,M07/E02/9,0,1,0,Hungarian,0,0,0
Ács Péter,M10/E03/2,0,1,0,Hungarian,0,0,0
Ács Sándor Józsefné,M07/E05/10,0,0,0,Hungarian,0,0,0
Adamik Renátó Imre,M01/E16/10,0,1,0,Hungarian,0,0,0
Adorján Béla,M16/E04/6,1,1,0,Hungarian,0,0,0
Ágh Péter,M18/E02/1,1,1,0,Hungarian,0,0,1
Agócs Ildikó,M14/E08/3,0,0,0,Hungarian,0,0,0
Dr. Agócs-Jesztei Ágnes,M14/E04/20,0,0,1,Hungarian,0,0,0
Ágoston Tibor,M09/E03/13,1,1,0,Hungarian,0,0,0
Alex Ágnes Kornélia,M01/E15/12,1,0,0,Hungarian,0,0,0
Alex Tamás,M01/E16/17,1,1,0,Hungarian,0,0,0
Alföldi-Lakatos Gábor,M09/E03/9,0,1,0,Hungarian,0,0,0
Ali János,M14/E08/12,0,1,0,Hungarian,0,0,0
Ander Balázs,M15/E02/10,1,1,0,Hungarian,0,0,0
Andorkó László,M09/E06/17,0,1,0,Hungarian,0,0,0
Andrássy Dénes Károly,M05/E03/2,1,1,0,Hungarian,0,0,0
Angyal Károly Tibor,M02/E04/4,1,1,0,Hungarian,0,0,0
Anyalai Béla,M14/E02/8,0,1,0,Hungarian,0,0,0
Dr. Apáti István,M16/E05/21,0,1,1,Hungarian,0,0,1
Apáti Tibor,M14/E09/20,1,1,0,Hungarian,0,0,0
Apró Tamás,M14/E08/24,1,1,0,Hungarian,0,0,0
Dr. Aradszki András,M14/E01/11,1,1,1,Hungarian,0,1,0
Árgyelán János,M07/E05/1,1,1,0,Hungarian,0,0,0
Árok Kornél,M15/E01/19,1,1,0,Hungarian,0,0,0
Árvay-Nagy Anna,M14/E03/12,0,0,0,Hungarian,0,0,0
Ásós Tibor,M04/E02/3,0,1,0,Hungarian,0,0,0
Asztalos Károlyné,M06/E02/4,1,0,0,Hungarian,0,0,0
Atyánszky György Ernő,M03/E06/13,1,1,0,Hungarian,0,0,0
Avakov Nyikolaj Viktorovics,M16/E06/23,0,1,0,,0,0,0
B Nagy László,M06/E02/20,1,1,0,Hungarian,0,0,1
Badány Lajos,M05/E01/7,1,1,0,Hungarian,0,0,0
Bagdi Károly,M01/E18/5,1,1,0,Hungarian,0,0,0
Bagdi Sándor Gábor,M16/E02/9,1,1,0,Hungarian,0,0,0
Bagó Anita,M04/E03/21,1,0,0,Hungarian,0,0,0
Dr. Baja Ferenc,M14/E09/18,1,1,1,Hungarian,1,0,1
Dr. Baka István,M16/E04/17,0,1,1,Hungarian,0,0,0
Bakk István,M09/E01/10,1,1,0,Hungarian,0,0,0
Dr. Bakó Krisztina Katalin,M14/E11/23,1,0,1,Hungarian,0,0,0
Bakó Tamás,M03/E03/20,0,1,0,Hungarian,0,0,0
Bakonyi László,M18/E02/3,1,1,0,Hungarian,0,0,0
Bakos Éva Gyöngyi,M15/E03/13,1,0,0,Hungarian,0,0,0
Balasi Ágnes,M01/E10/11,1,0,0,Hungarian,0,0,0
Balassa Péter Sándor,M18/E01/3,1,1,0,Hungarian,0,0,0
Balázs Árpád Mátyás,M20/E02/13,1,1,0,Hungarian,0,0,0
Balázs Beáta,M03/E05/1,0,0,0,Hungarian,0,0,0
Balázs Mária Borbála,M12/E02/16,0,0,0,Hungarian,0,0,0
Balczó Zoltán György,M16/E01/18,0,1,0,Hungarian,1,0,1
Bálint Gyula,M03/E04/11,0,1,0,Hungarian,0,0,0
Bálint Hajnalka,M03/E06/2,0,0,0,Hungarian,0,0,0
Bálint Zoltán László,M07/E01/21,1,1,0,Hungarian,0,0,0
Balla Gergő,M05/E06/14,1,1,0,Hungarian,0,0,1
Balla Mihály Tibor,M13/E02/2,1,1,0,Hungarian,0,1,0
Balog István,M10/E01/5,1,1,0,Hungarian,0,0,0
Balogh Csaba,M04/E04/8,0,1,0,Hungarian,0,0,0
Dr. Balogh Emese Ilona,M16/E03/6,1,0,1,Hungarian,0,0,0
Balogh Gusztáv,M09/E06/19,1,1,0,Hungarian,0,0,0
Balogh István,M16/E06/18,1,1,0,Hungarian,0,0,0
Balogh István Csaba,M16/E03/13,0,1,0,Hungarian,0,0,0
Balogh István Lajos,M01/E09/4,0,1,0,Hungarian,0,0,0
Balogh István Zoltán,M16/E05/1,0,1,0,Hungarian,0,0,0
Balogh Istvánné,M01/E15/14,1,0,0,Hungarian,0,0,0
Balogh Izabella Margit,M05/E04/32,0,0,0,Hungarian,0,0,0
Balogh Kálmán,M09/E05/7,0,1,0,Hungarian,0,0,0
Balogh Mónika,M04/E04/19,0,0,0,Hungarian,0,0,0
Balogh Mónika,M05/E07/29,0,0,0,Hungarian,0,0,0
Balogh Pál,M16/E05/8,0,1,0,Hungarian,0,0,0
Balogh Zoltán Kálmán,M02/E04/15,0,1,0,Hungarian,0,0,0
Bán Zsolt,M14/E12/20,1,1,0,Hungarian,0,0,0
Bana Tibor,M18/E03/3,1,1,0,Hungarian,0,0,1
Banainé Kömüves Anita,M17/E02/15,0,0,0,Hungarian,0,0,0
Bancsók Zsolt,M05/E05/17,0,1,0,Hungarian,0,0,0
Bancsók Zsolt,M05/E06/4,0,1,0,Hungarian,0,0,0
Bándliné Keserü Judit,M19/E03/19,0,0,0,Hungarian,0,0,0
Bangóné Borbély Ildikó,M09/E05/23,1,0,0,Hungarian,0,0,0
Bánhegyi Ildikó Mária,M14/E04/15,0,0,0,Hungarian,0,0,0
Bánhegyi József,M04/E01/2,1,1,0,Hungarian,0,0,0
Bányai Gábor Elemér,M03/E05/8,1,1,0,Hungarian,0,1,0
Barabás Gyöngyvér,M01/E17/13,1,0,0,Hungarian,0,0,0
Barabás Tibor András,M15/E04/9,0,1,0,Hungarian,0,0,0
Baracska Péter Róbert,M18/E03/5,1,1,0,Hungarian,0,0,0
Baranyi István,M13/E01/31,1,1,0,Hungarian,0,0,0
Baráth Zsolt György,M11/E01/2,1,1,0,Hungarian,0,0,1
Barbalics Antal,M19/E03/7,0,1,0,Hungarian,0,0,0
Barczi Zsófia,M12/E01/4,0,0,0,Hungarian,0,0,0
Bárcziné Galambos Enikő,M05/E01/18,0,0,0,Hungarian,0,0,0
Barkóczi Géza,M10/E01/26,1,1,0,Hungarian,0,0,0
Barla-Szabó Zsolt Tamás,M02/E04/29,1,1,0,Hungarian,0,0,0
Barna Béla,M14/E08/4,0,1,0,Hungarian,0,0,0
Barna László István,M02/E01/46,1,1,0,Hungarian,0,0,0
Barna Magdolna,M20/E03/13,1,0,0,Hungarian,0,0,0
Barna Mónika,M01/E11/10,1,0,0,Hungarian,0,0,0
Baróczi Péter Imre,M05/E07/5,1,1,0,Hungarian,0,0,0
Barta János,M01/E08/10,1,1,0,Hungarian,0,0,0
Bartha Attila,M01/E03/3,0,1,0,Hungarian,0,0,0
Bartha Mihály Józsefné,M12/E02/15,0,0,0,Hungarian,0,0,0
Bartha Olivér,M16/E04/19,1,1,0,Hungarian,0,0,0
Bassa Zoltán,M14/E03/16,0,1,0,Hungarian,0,0,0
Batáné Burik Anna,M14/E04/24,0,0,0,Hungarian,0,0,0
Báthori István,M19/E02/1,0,1,0,Hungarian,0,0,0
Bátori Mihály Krisztián,M17/E01/9,0,1,0,Hungarian,0,0,0
Bauer Tamás,M01/E03/9,1,1,0,Hungarian,0,0,0
Bebesi József Lajos,M08/E04/3,1,1,0,Hungarian,0,0,0
Becsó Zsolt,M13/E01/9,1,1,0,Hungarian,0,1,0
Dr. Bednár András Tibor,M07/E03/9,1,1,1,Hungarian,0,0,0
Belák Vince Ottó,M13/E02/4,0,1,0,Hungarian,0,0,0
Belákovics András,M08/E04/9,1,1,0,Hungarian,0,0,0
Bencsik János,M12/E01/14,1,1,0,Hungarian,0,1,0
Bencsik Mihály,M11/E01/12,1,1,0,Hungarian,0,0,0
Bencsik Pál,M04/E01/5,0,1,0,Hungarian,0,0,0
Bencze Csaba,M05/E01/13,0,1,0,Hungarian,0,0,0
Bencze János,M17/E03/11,1,1,0,Hungarian,0,0,0
Dr. Bene Ildikó,M11/E01/17,1,0,1,Hungarian,0,1,0
Benke László,M01/E07/8,1,1,0,Hungarian,0,0,0
Benyovszky Gábor,M01/E02/6,1,1,0,Hungarian,0,0,0
Bercsényi Zoltán,M14/E06/10,1,1,0,Hungarian,0,0,0
Beregszászi Lili,M04/E03/6,1,0,0,Hungarian,0,0,0
Berényi Béla,M07/E05/5,1,1,0,Hungarian,0,0,0
Béres Bence,M12/E03/3,1,1,0,Hungarian,0,0,0
Béres István,M12/E01/23,1,1,0,Hungarian,0,0,0
Béres József,M14/E06/16,0,1,0,Hungarian,0,0,0
Berkenyés István,M20/E02/1,1,1,0,Hungarian,0,0,0
Berkes Gábor,M15/E04/13,1,1,0,Hungarian,0,0,0
Berki János,M04/E04/26,1,1,0,Hungarian,0,0,0
Berta-Csikós Éva,M15/E03/16,0,0,0,Hungarian,0,0,0
Bertanicz Vilmos Györgyné,M02/E03/4,0,0,0,Hungarian,0,0,0
Bertha Szilvia Zsuzsanna,M14/E06/6,1,0,0,Hungarian,0,0,1
Beszeda Anna,M01/E15/22,0,0,0,Hungarian,0,0,0
Bezsilla Zoltán,M05/E04/29,0,1,0,Hungarian,0,0,0
Bialkó László Gergő,M07/E01/9,1,1,0,Hungarian,0,0,0
Bihari Ervin,M12/E01/2,0,1,0,Hungarian,0,0,0
Bíró Zsolt,M02/E03/17,1,1,0,Hungarian,0,0,0
Birtalan József,M07/E03/11,1,1,0,Hungarian,0,0,0
Blaskó András Zoltán,M01/E17/15,0,1,0,Hungarian,0,0,0
Bod Tamás,M04/E03/3,1,1,0,Hungarian,0,0,0
Bódi Tibor,M07/E03/10,1,1,0,Hungarian,0,0,0
Bódiné Berényi Ágnes,M14/E11/3,0,0,0,Hungarian,0,0,0
Bódis Zsolt Ferenc,M05/E04/16,1,1,0,Hungarian,0,0,0
Bodnár Pál,M10/E01/23,1,1,0,Hungarian,0,0,0
Bodó Istvánné,M16/E06/21,0,0,0,Hungarian,0,0,0
Bodó Sándor,M09/E05/4,1,1,0,Hungarian,0,1,0
Bodor Zoltán,M01/E04/6,1,1,0,Hungarian,0,0,0
Bogáti András,M18/E02/12,1,1,0,Hungarian,0,0,0
Bogdán Csaba,M15/E02/4,1,1,0,Hungarian,0,0,0
Bogdán Gábor,M15/E01/3,0,1,0,Hungarian,0,0,0
Bogdán János,M07/E03/20,0,1,0,Hungarian,0,0,0
Bogdán József,M03/E06/16,0,1,0,Hungarian,0,0,0
Bogdán Levente,M19/E03/5,0,1,0,Hungarian,0,0,0
Bogdán Zoltán,M20/E03/5,1,1,0,Hungarian,0,0,0
Bognár Erik,M18/E03/15,0,1,0,Hungarian,0,0,0
Bognár Tibor Mihály,M01/E13/10,1,1,0,Hungarian,0,0,0
Dr. Bohács Zsolt József,M06/E01/1,1,1,1,Hungarian,0,1,0
Boldis György,M14/E08/15,1,1,0,Hungarian,0,0,0
Boldog István,M11/E04/9,1,1,0,Hungarian,0,1,0
Boldvai László Róbert,M13/E01/8,1,1,0,Hungarian,0,0,1
Bóna Zoltán,M14/E08/5,1,1,0,Hungarian,0,0,0
Dr. Bor Tibor,M20/E01/22,1,1,1,Hungarian,0,0,0
Borbély József,M03/E01/16,0,1,0,Hungarian,0,0,0
Bordás Géza,M05/E07/1,1,1,0,Hungarian,0,0,0
Borenszki Ervin,M13/E02/8,1,1,0,Hungarian,0,0,0
Boros Attila,M16/E04/14,1,1,0,Hungarian,0,0,0
Borsos Sándor Ákos,M07/E03/19,1,1,0,Hungarian,0,0,0
Borzáné Uram Ildikó,M04/E02/15,1,0,0,Hungarian,0,0,0
Bosánszki Péter,M14/E07/20,1,1,0,Hungarian,0,0,0
Bősze Csaba Bálint,M18/E01/11,1,1,0,Hungarian,0,0,0
Böszörményi Gábor,M01/E16/23,0,1,0,Hungarian,0,0,0
Dr. Bóta Mihály,M05/E07/21,1,1,1,Hungarian,0,0,0
Both Norbert,M17/E01/1,0,1,0,Hungarian,0,0,0
Botos Ferenc,M05/E02/13,0,1,0,Hungarian,0,0,0
Botos Ferenc,M10/E03/28,0,1,0,Hungarian,0,0,0
Brand Tara,M08/E04/10,0,0,0,Hungarian,0,0,0
Braun Róbert,M14/E10/23,1,1,0,Hungarian,0,0,0
Dr. Brezovits László János,M01/E10/22,1,1,1,Hungarian,0,0,0
Budai Katalin,M05/E06/2,0,0,0,Hungarian,0,0,0
Budai Lóránt,M11/E02/4,1,1,0,Hungarian,0,0,0
Budai Mária,M05/E06/17,0,0,0,Hungarian,0,0,0
Budainé Kelemen Erzsébet,M14/E05/4,1,0,0,Hungarian,0,0,0
Burai Ferenc,M10/E03/24,0,1,0,Hungarian,0,0,0
Burány Sándor,M01/E09/17,0,1,0,Hungarian,0,0,1
Chrabák Sándor,M16/E01/15,1,1,0,Hungarian,0,0,0
Csanádi Gábor Ferenc,M14/E09/17,1,1,0,Hungarian,0,0,0
Csanyi Lajos Edwárd,M04/E02/12,0,1,0,Hungarian,0,0,0
Csanyi Renáta Ibolya,M04/E04/6,0,0,0,Hungarian,0,0,0
Csányi Tamás,M11/E04/8,1,1,0,Hungarian,0,0,0
Csárdi Antal,M01/E02/4,1,1,0,Hungarian,0,0,0
Dr. Csarnó Ákos,M10/E01/15,1,1,1,Hungarian,0,0,0
Császár Antal László,M05/E03/11,0,1,0,Hungarian,0,0,0
Császár Norbert,M02/E04/8,1,1,0,Hungarian,0,0,0
Császárné Kollár Tímea Annamária,M14/E02/7,1,0,0,Hungarian,0,0,0
Cséby Géza Attila,M19/E02/20,1,1,0,Hungarian,0,0,0
Cseh Mihály Attila,M14/E12/8,1,1,0,Hungarian,0,0,0
Cseh Rita,M01/E06/2,0,0,0,Hungarian,0,0,0
Cseke József,M20/E01/23,0,1,0,Hungarian,0,0,0
Csendesné Murányi Ibolya Julianna,M15/E02/19,1,0,0,Hungarian,0,0,0
Csenger-Zalán Zsolt,M14/E02/2,1,1,0,Hungarian,0,1,0
Csengő Szabolcs,M05/E06/15,1,1,0,Hungarian,0,0,0
Csenki Mihály,M06/E03/17,1,1,0,Hungarian,0,0,0
Cseresnyés Péter,M20/E03/3,1,1,0,Hungarian,0,1,0
Cseriné Demeter Bernadett,M14/E12/10,1,0,0,Hungarian,0,0,0
Csetfalvi Attila,M05/E01/8,0,1,0,Hungarian,0,0,0
Csiba Katalin Gyöngyvér,M01/E05/5,1,0,0,Hungarian,0,0,0
Csík Tamás,M01/E07/17,1,1,0,Hungarian,0,0,0
Csikós Béla,M13/E01/12,0,1,0,Hungarian,0,0,0
Csikós József,M15/E01/18,0,1,0,Hungarian,0,0,0
Csiszárné Nagy Erzsébet,M02/E01/26,0,0,0,Hungarian,0,0,0
Csizi Péter,M02/E01/28,1,1,0,Hungarian,0,0,1
Csizmazia Ferenc István,M01/E13/13,1,1,0,Hungarian,0,0,0
Csöbör Katalin,M05/E01/17,1,0,0,Hungarian,0,1,0
Csőköly Sándor,M06/E04/18,0,1,0,Hungarian,0,0,0
Csonka Eszter,M02/E04/32,0,0,0,Hungarian,0,0,0
Csonnó György Ferenc,M19/E02/19,0,1,0,Hungarian,0,0,0
Csorba Lajos,M01/E06/28,0,1,0,Hungarian,0,0,0
Czeglédi Norbert Tamás,M09/E03/22,1,1,0,Hungarian,0,0,0
Czekó Erzsébet,M13/E02/28,0,0,0,Hungarian,0,0,0
Czeróczki Zoltán,M06/E01/3,0,1,0,Hungarian,0,0,0
Czerván György,M14/E09/9,1,1,0,Hungarian,0,1,0
Czirók Erika Aranka,M20/E01/26,0,0,0,Hungarian,0,0,0
Czöndör Gyula,M03/E06/11,1,1,0,Hungarian,0,0,0
Czunyiné Dr. Bertalan Judit,M12/E03/9,1,0,1,Hungarian,0,1,0
Dr. Dákay Zoltán,M14/E04/12,1,1,1,Hungarian,0,0,0
Dakó Attila,M16/E01/28,1,1,0,Hungarian,0,0,0
Dallos Norbert,M02/E02/9,0,1,0,Hungarian,0,0,0
Dancsó János,M13/E01/20,1,1,0,Hungarian,0,0,0
Dani Zoltán,M16/E06/7,0,1,0,Hungarian,0,0,0
Danka Lajos,M18/E02/19,0,1,0,Hungarian,0,0,0
Dankó Béla,M04/E02/6,1,1,0,Hungarian,0,1,0
Dankó Géza Gábor,M14/E11/10,1,1,0,Hungarian,0,0,0
Dankó István,M11/E02/11,0,1,0,Hungarian,0,0,0
Darcsi Natália,M15/E02/18,1,0,0,Hungarian,0,0,0
Dárdai Zsuzsanna Terézia,M01/E04/8,1,0,0,Hungarian,0,0,0
Daróczi József,M01/E17/8,0,1,0,Hungarian,0,0,0
Dávid István,M17/E03/5,0,1,0,Hungarian,0,0,0
Dávidné Németi Imola Erika,M09/E02/17,0,0,0,Hungarian,0,0,0
Deák János,M08/E05/10,1,1,0,Hungarian,0,0,0
Deák József Zoltán,M07/E05/13,1,1,0,Hungarian,0,0,0
Debreceni Péter,M07/E05/19,0,1,0,Hungarian,0,0,0
Dedecsik Ferenc,M07/E04/2,1,1,0,Hungarian,0,0,0
Dékány László,M06/E01/7,0,1,0,Hungarian,0,0,0
Demeter István,M16/E04/10,1,1,0,Hungarian,0,0,0
Demeter Zoltán,M05/E04/23,1,1,0,Hungarian,0,1,0
Dénes Árpád,M02/E04/7,1,1,0,Hungarian,0,0,0
Dengelegi Klára Zsuzsanna,M14/E04/22,1,0,0,Hungarian,0,0,0
Dr. Dévényi-Dabrowsky Géza Dániel,M04/E01/18,1,1,1,Hungarian,0,0,0
Dinya Gábor Balázs,M04/E03/20,0,1,0,Hungarian,0,0,0
Dr. Diószegi Gábor,M14/E03/20,1,1,1,Hungarian,0,0,0
Dittrich Ferenc,M02/E03/24,1,1,0,Hungarian,0,0,0
Diviki-Nagy Attila,M01/E14/17,0,1,0,Hungarian,0,0,0
Dobó Zoltán,M19/E03/15,1,1,0,Hungarian,0,0,0
Domán Attila,M01/E12/12,1,1,0,Hungarian,0,0,0
Domboróczki Rita,M09/E01/12,0,0,0,Hungarian,0,0,0
Domokos Ádám,M20/E01/4,0,1,0,Hungarian,0,0,0
Domokos Zsolt,M20/E03/1,0,1,0,Hungarian,0,0,0
Dömös Imre,M15/E04/18,0,1,0,Hungarian,0,0,0
Dömötörné Solymár Orsika,M17/E02/11,0,0,0,Hungarian,0,0,0
Donáczi György János,M02/E02/31,0,1,0,Hungarian,0,0,0
Dörömböző Gyula,M02/E04/24,1,1,0,Hungarian,0,0,0
Dr. Dorosz Dávid,M14/E01/14,1,1,1,Hungarian,0,0,1
Dudás Róbert,M06/E01/26,1,1,0,Hungarian,0,0,0
Dudás Zoltán Sándor,M06/E03/1,1,1,0,Hungarian,0,0,0
Duka Dezső,M16/E01/19,1,1,0,Hungarian,0,0,0
Dull Krisztián Norbert,M11/E03/13,1,1,0,Hungarian,0,0,0
Dunai Mónika,M01/E14/6,1,0,0,Hungarian,0,0,0
Dúró Dóra,M01/E06/8,1,0,0,Hungarian,1,0,1
Eckert Péter,M02/E01/8,0,1,0,Hungarian,0,0,0
Ecsődi László József,M07/E05/6,0,1,0,Hungarian,0,0,0
Éger Viktória Zsuzsanna,M01/E14/15,0,0,0,Hungarian,0,0,0
Egyed Mónika,M10/E02/37,1,0,0,Hungarian,0,0,0
Egyed Zsolt,M05/E03/6,1,1,0,Hungarian,0,0,1
Egyedi László,M15/E04/3,1,1,0,Hungarian,0,0,0
Emődi Zoltán,M05/E01/25,1,1,0,Hungarian,0,0,0
Endrész Boldizsár,M09/E01/9,0,1,0,Hungarian,0,0,0
Engler Ildikó,M11/E03/14,0,0,0,Hungarian,0,0,0
Erdei Tünde,M14/E12/11,0,0,0,Hungarian,0,0,0
Erdélyi Sándor Mihály,M02/E01/11,1,1,0,Hungarian,0,0,0
Eszenyi Gábor,M17/E03/16,0,1,0,Hungarian,0,0,0
Fábián Csaba János,M16/E01/24,0,1,0,Hungarian,0,0,0
Fábián Ferenc,M01/E16/18,0,1,0,Hungarian,0,0,0
Fábián György Zoltán,M08/E01/20,0,1,0,Hungarian,0,0,0
Fábián Kornél,M09/E06/9,0,1,0,Hungarian,0,0,0
Facskó Szilveszter,M14/E12/19,0,1,0,Hungarian,0,0,0
Faludi Sándor Gábor,M10/E01/19,1,1,0,Hungarian,0,0,0
Falus Zsolt Ferenc,M01/E14/1,1,1,0,Hungarian,0,0,0
Falusi Norbert,M03/E02/23,1,1,0,Hungarian,0,0,0
Faragó Attila István,M04/E04/7,1,1,0,Hungarian,0,0,0
Faragó Bence,M06/E01/10,1,1,0,Hungarian,0,0,0
Faragó László,M16/E02/21,0,1,0,Hungarian,0,0,0
Farkas Andrea,M12/E01/24,0,0,0,Hungarian,0,0,0
Farkas Bertalan,M16/E03/15,1,1,0,Hungarian,0,0,0
Farkas Gábor,M04/E01/14,0,1,0,Hungarian,0,0,0
Farkas Gábor,M15/E02/2,1,1,0,Hungarian,0,0,0
Farkas Gergely,M03/E05/6,1,1,0,Hungarian,0,0,0
Farkas László,M11/E03/16,1,1,0,Hungarian,0,0,0
Farkas Mihály Istvánné,M02/E04/13,0,0,0,Hungarian,0,0,0
Farkas Roland Norbert,M16/E01/21,0,1,0,Hungarian,0,0,0
Farkas Sándor,M06/E03/11,1,1,0,Hungarian,0,1,0
Farkasné Kismárton Éva,M06/E02/16,0,0,0,Hungarian,0,0,0
Fazakas András,M02/E04/16,0,1,0,Hungarian,0,0,0
Fazakas Attila Levente,M07/E02/13,1,1,0,Hungarian,0,0,0
Fazekas Attila,M14/E05/5,1,1,0,Hungarian,0,0,0
Fazekas Gáborné,M04/E03/18,0,0,0,Hungarian,0,0,0
Dr. Fazekas Sándor,M11/E03/12,1,1,1,Hungarian,1,0,1
Fehér Andrea,M10/E03/16,0,0,0,Hungarian,0,0,0
Fehér László István,M18/E02/7,1,1,0,Hungarian,0,0,0
Fehér Zsolt,M14/E04/11,1,1,0,Hungarian,0,0,0
Fehérvári Zsolt István,M01/E11/26,1,1,0,Hungarian,0,0,0
Fekete Edit Klára,M16/E06/9,0,0,0,Hungarian,0,0,0
Fekete Kornélia,M14/E01/18,0,0,0,Hungarian,0,0,0
Fekete Mihály,M06/E03/4,0,1,0,Hungarian,0,0,0
Felder Frigyes,M15/E01/11,1,1,0,Hungarian,0,0,0
Fendrik Attila,M08/E04/1,1,1,0,Hungarian,0,0,0
Fenyvesi Tibor,M20/E02/5,1,1,0,Hungarian,0,0,0
Fenyvesné Dr. Nádas Katalin Csilla,M14/E12/4,0,0,1,Hungarian,0,0,0
Ferenci Richárd,M17/E03/19,1,1,0,Hungarian,0,0,0
Ferenczi Gábor,M19/E04/1,1,1,0,Hungarian,0,0,1
Ferenczi István,M01/E16/19,1,1,0,Hungarian,0,0,0
Ferenczi János,M14/E03/2,1,1,0,Hungarian,0,0,0
Filák Péter,M15/E03/4,1,1,0,Hungarian,0,0,0
Filus Györgyi,M07/E04/11,0,0,0,Hungarian,0,0,0
Fintorné Barkó Anita,M05/E01/21,1,0,0,Hungarian,0,0,0
Fintorné Kassai Erika,M01/E11/27,1,0,0,Hungarian,0,0,0
Firtl Mátyás Sándor,M08/E04/11,1,1,0,Hungarian,0,1,0
Fischer Attila,M04/E01/1,1,1,0,Hungarian,0,0,0
Fodor Antal,M02/E03/1,0,1,0,Hungarian,0,0,0
Fodor Dezső,M16/E03/19,1,1,0,Hungarian,0,0,0
Fodor Judit,M01/E10/12,1,0,0,Hungarian,0,0,0
Fodor Roland Alexander,M08/E01/16,1,1,0,Hungarian,0,0,0
Fodor Zoltánné,M08/E03/13,0,0,0,Hungarian,0,0,0
Fodorné Hamar Ildikó,M01/E16/9,0,0,0,Hungarian,0,0,0
Földesi Gyula,M01/E16/14,1,1,0,Hungarian,0,1,0
Földesné Keresztes Mariann Szilvia,M11/E03/15,0,0,0,Hungarian,0,0,0
Földi Áron,M14/E12/1,1,1,0,Hungarian,0,0,0
Földi István,M16/E03/8,1,1,0,Hungarian,0,0,0
Földi László,M14/E12/22,1,1,0,Hungarian,0,1,0
Földi Mihály István,M04/E03/13,1,1,0,Hungarian,0,0,0
Földvárszki István,M08/E05/17,1,1,0,Hungarian,0,0,0
Dr. Fölker Tibor Tamás,M13/E01/19,0,1,1,Hungarian,0,0,0
Fonád Gyula Sándor,M02/E04/14,0,1,0,Hungarian,0,0,0
Dr. Fónagy János Vilmos,M01/E03/8,1,1,1,Hungarian,1,1,0
Font Sándor,M03/E03/9,1,1,0,Hungarian,0,1,0
Forgóné Kelemen Judit Andrea,M19/E01/14,1,0,0,Hungarian,0,0,0
Forray Zsolt,M05/E03/8,0,1,0,Hungarian,0,0,0
Frank Tibor,M05/E04/31,1,1,0,Hungarian,0,0,0
Frank-Csipak Csaba István,M06/E01/8,0,1,0,Hungarian,0,0,0
Dr. Frankfurter Zsuzsanna,M13/E02/29,1,0,1,Hungarian,0,0,0
Freisz-Horváth Éva Margit,M01/E18/8,1,0,0,Hungarian,0,0,0
Fülöp József Istvánné,M05/E02/1,1,0,0,Hungarian,0,0,0
Fülöp Richárd,M19/E02/4,1,1,0,Hungarian,0,0,0
Gaál István,M14/E06/20,1,1,0,Hungarian,0,0,0
Gajdos Márk Csaba,M14/E07/15,0,1,0,Hungarian,0,0,0
Gajnok Rómeó,M17/E03/10,0,1,0,Hungarian,0,0,0
Dr. Gál András Tamás,M01/E17/18,0,1,1,Hungarian,0,0,0
Gál Ferenc,M04/E04/16,0,1,0,Hungarian,0,0,0
Gál Ferenc,M15/E04/8,0,1,0,Hungarian,0,0,0
Gál József,M05/E03/24,1,1,0,Hungarian,0,0,0
Gál Noémi,M16/E04/20,1,0,0,Hungarian,0,0,0
Dr. Galambos Dénes,M07/E04/20,1,1,1,Hungarian,0,0,0
Galba Mihály László,M15/E02/1,1,1,0,Hungarian,0,0,0
Gáldi Ádám György,M16/E05/3,1,1,0,Hungarian,0,0,0
Gányi Miklós Andrásné,M14/E10/12,0,0,0,Hungarian,0,0,0
Gara Ferencné,M14/E01/19,0,0,0,Hungarian,0,0,0
Dr. Garai István Levente,M03/E04/8,1,1,1,Hungarian,0,0,1
Gáspár Attila,M14/E10/3,0,1,0,Hungarian,0,0,0
Gáspár Ferenc,M05/E01/19,0,1,0,Hungarian,0,0,0
Gáspár Ferenc,M05/E01/28,0,1,0,Hungarian,0,0,0
Gáspár Kornél Dániel,M07/E03/3,1,1,0,Hungarian,0,0,0
Gáspár Tibor,M14/E03/7,0,1,0,Hungarian,0,0,0
Gasparovicsné Oláh Manuéla,M12/E03/4,0,0,0,Hungarian,0,0,0
Gaszner Róbert László,M05/E07/10,1,1,0,Hungarian,0,0,0
Gavri Edit,M02/E02/34,1,0,0,Hungarian,0,0,0
Gayer András Rikárd,M20/E03/14,0,1,0,Hungarian,0,0,0
Gazsiné Szekeres Márta,M13/E01/14,0,0,0,Hungarian,0,0,0
Gazsó Mátyás,M04/E01/4,0,1,0,Hungarian,0,0,0
Gecsei-Tóth Andrea,M01/E18/15,1,0,0,Hungarian,0,0,0
Géhl Attila,M09/E03/16,0,1,0,Hungarian,0,0,0
Gelencsér Attila,M15/E01/1,1,1,0,Hungarian,0,1,0
Gelencsér Balázs,M15/E01/8,0,1,0,Hungarian,0,0,0
Gellért Sándor,M16/E05/6,1,1,0,Hungarian,0,0,0
Gémes László,M04/E03/19,0,1,0,Hungarian,0,0,0
Gera Katalin,M06/E04/6,0,0,0,Hungarian,0,0,0
Géresi Julianna,M15/E03/1,1,0,0,Hungarian,0,0,0
Gerstmár Ferenc,M19/E01/8,1,1,0,Hungarian,0,0,0
Gervai Valter,M05/E05/13,1,1,0,Hungarian,0,0,0
Glázer Tímea,M08/E02/10,1,0,0,Hungarian,0,0,0
Gőbl Gábor,M08/E04/12,1,1,0,Hungarian,0,0,0
Goda Bálint Zsolt,M08/E05/9,1,1,0,Hungarian,0,0,0
Gőgös Zoltán,M19/E04/12,1,1,0,Hungarian,0,0,1
Góman Károlyné,M18/E03/16,0,0,0,Hungarian,0,0,0
Gomán Zsolt,M12/E03/15,0,1,0,Hungarian,0,0,0
Gomány Mihály,M14/E06/14,0,1,0,Hungarian,0,0,0
Gombosné Bárdos Gabriella Éva,M04/E04/9,0,0,0,Hungarian,0,0,0
Gömöri András,M05/E03/20,0,1,0,Hungarian,0,0,0
Göncző Zoltán János,M01/E09/10,0,1,0,Hungarian,0,0,0
Göndör István,M20/E03/15,1,1,0,Hungarian,0,0,0
Görög Jenő,M09/E02/8,1,1,0,Hungarian,0,0,0
Gottloz Tibor,M07/E05/3,0,1,0,Hungarian,0,0,0
Greskovits István,M05/E03/12,1,1,0,Hungarian,0,0,0
Guba Csabáné,M05/E04/35,1,0,0,Hungarian,0,0,0
Gulácsiné Dr. Dobos Emőke,M16/E01/25,1,0,1,Hungarian,0,0,0
Gulyás Gyula,M05/E01/23,0,1,0,Hungarian,0,0,0
Gulyás Nikoletta,M14/E10/18,0,0,0,Hungarian,0,0,0
Gulyás Pál,M05/E04/1,1,1,0,Hungarian,0,0,0
Gurdon Lajos,M06/E03/10,1,1,0,Hungarian,0,0,0
Gutai Zsolt,M12/E01/5,1,1,0,Hungarian,0,0,0
Guthy Máté,M16/E05/16,1,1,0,Hungarian,0,0,0
Guzslován Gábor,M19/E03/20,1,1,0,Hungarian,0,0,0
Dr. Gyenes Géza József,M01/E12/19,1,1,1,Hungarian,0,0,1
Gyimesi Gábor Jenő,M02/E02/5,1,1,0,Hungarian,0,0,0
Gyimesi László,M01/E15/5,1,1,0,Hungarian,0,0,0
Gyócsi Győző Roland,M02/E01/31,0,1,0,Hungarian,0,0,0
Gyöngyösi Márton Balázs,M03/E01/7,0,1,0,Hungarian,0,0,1
Gyopáros Alpár Ádám,M08/E03/7,1,1,0,Hungarian,0,1,0
Győrfi Attila,M14/E03/10,0,1,0,Hungarian,0,0,0
Dr. György István,M01/E09/11,1,1,1,Hungarian,0,1,0
György Roland,M10/E02/1,0,1,0,Hungarian,0,0,0
György Zoltán Imre,M02/E02/35,1,1,0,Hungarian,0,0,0
Győri Tibor,M14/E09/8,0,1,0,Hungarian,0,0,0
Györki Tibor,M13/E01/29,0,1,0,Hungarian,0,0,0
Dr. Gyovai Ferenc,M06/E01/14,0,1,1,Hungarian,0,0,0
Gyovai István,M03/E05/17,1,1,0,Hungarian,0,0,0
Gyulai Lajos,M14/E12/18,0,1,0,Hungarian,0,0,0
Gyulánszki István,M03/E06/12,0,1,0,Hungarian,0,0,0
Dr. Gyüre Csaba,M16/E02/8,1,1,1,Hungarian,0,0,1
Gyüre Lajos,M16/E03/17,1,1,0,Hungarian,0,0,0
Gyuriczáné Koncz Mónika,M14/E07/5,0,0,0,Hungarian,0,0,0
Dr. Hadházy Ákos Ányos,M17/E01/3,1,1,1,Hungarian,1,0,0
Hadházy Sándor,M14/E03/14,1,1,0,Hungarian,0,1,0
Hadvina Zsolt József,M11/E01/14,0,1,0,Hungarian,0,0,0
Hafenscher Balázs,M05/E04/20,0,1,0,Hungarian,0,0,0
Hajdara Roland,M13/E01/5,1,1,0,Hungarian,0,0,0
Dr. Hajdu József Péter,M01/E08/4,1,1,1,Hungarian,0,0,0
Hajdu Mária,M01/E03/4,1,0,0,Hungarian,0,0,0
Halasi Miklós,M13/E02/21,0,1,0,Hungarian,0,0,0
Halász Ajtony Zsombor,M14/E01/8,0,1,0,Hungarian,0,0,0
Halász Csaba,M16/E04/3,0,1,0,Hungarian,0,0,0
Halmi József,M16/E05/5,1,1,0,Hungarian,0,0,0
Halmos Istvánné,M15/E03/9,0,0,0,Hungarian,0,0,0
Halmos Rita,M15/E01/12,0,0,0,Hungarian,0,0,0
Halmy Gergely,M01/E16/16,0,1,0,Hungarian,0,0,0
Hanák Róbert,M14/E07/16,1,1,0,Hungarian,0,0,0
Harangozó Gábor István,M15/E04/14,1,1,0,Hungarian,0,0,1
Dr. Harangozó Tamás Attila,M17/E01/13,0,1,1,Hungarian,0,0,1
Hargitai István László,M01/E13/8,0,1,0,Hungarian,0,0,0
Dr. Hargitai János György,M02/E03/25,1,1,1,Hungarian,0,1,0
Hári Antal Dezső,M11/E01/22,1,1,0,Hungarian,0,0,0
Harján Dávid,M15/E03/17,1,1,0,Hungarian,0,0,0
Harkai Péterné,M03/E03/6,0,0,0,Hungarian,0,0,0
Harkály Csaba,M05/E03/4,0,1,0,Hungarian,0,0,0
Harmainé Szabó Éva,M01/E16/22,1,0,0,Hungarian,0,0,0
Harmat Gabriella,M17/E03/8,1,0,0,Hungarian,0,0,0
Harrach Péter Pál,M14/E04/4,1,1,0,Hungarian,0,1,0
Harsányi Simon,M16/E06/25,1,1,0,Hungarian,0,0,0
Hartweg Ildikó Anna,M02/E03/18,1,0,0,Hungarian,0,0,0
Havasiné Gölöncsér Aranka,M14/E10/26,0,0,0,Hungarian,0,0,0
Havránek Ferenc,M06/E04/8,0,1,0,Hungarian,0,0,0
Hegedűs Ervin,M13/E02/7,0,1,0,Hungarian,0,0,0
Hegedüs Erzsébet,M20/E01/15,0,0,0,Hungarian,0,0,0
Hegedűs Lóránt Gézáné,M01/E01/5,0,0,0,Hungarian,1,0,1
Hegedűsné Bányai Ildikó,M04/E04/13,1,0,0,Hungarian,0,0,0
Héjjas Illés Gábor,M02/E02/27,1,1,0,Hungarian,0,0,0
Dr. Helmeczy László József,M16/E06/15,0,1,1,Hungarian,0,0,0
Dr. Hende Csaba Károly,M18/E01/8,1,1,1,Hungarian,1,1,0
Herczeg Attila,M14/E06/23,0,1,0,Hungarian,0,0,0
Herczeg Attila,M15/E04/4,0,1,0,Hungarian,0,0,0
Herczegh Józsefné,M05/E07/25,0,0,0,Hungarian,0,0,0
Herczog Edit,M07/E02/2,0,0,0,Hungarian,0,0,0
Heringes Anita,M17/E03/2,1,0,0,Hungarian,0,0,0
Hermann Henrik,M07/E04/16,1,1,0,Hungarian,0,0,0
Hernádi Tamás,M19/E04/3,1,1,0,Hungarian,0,0,0
Herpergel Róbert,M09/E01/4,1,1,0,Hungarian,0,0,0
Dr. Hiller István,M01/E16/1,1,1,1,Hungarian,1,0,1
Himmerné Wetzl Annamária,M14/E04/18,1,0,0,Hungarian,0,0,0
Hingl János Zsolt,M17/E03/15,1,1,0,Hungarian,0,0,0
Hirt Ferenc,M17/E03/12,1,1,0,Hungarian,0,1,0
Hiszékeny Dezső,M01/E07/3,1,1,0,Hungarian,0,0,0
Holcman László,M05/E06/11,0,1,0,Hungarian,0,0,0
Holek Katalin,M14/E03/15,0,0,0,Hungarian,0,0,0
Hollós Péter Lóránt,M01/E06/20,0,1,0,Hungarian,0,0,0
Dr. Hollósi Antal Gábor,M01/E11/18,1,1,1,Hungarian,0,1,0
Homolya Emese Krisztina,M09/E06/20,1,0,0,Hungarian,0,0,0
Dr. Hoppál Péter Tamás,M02/E02/10,1,1,1,Hungarian,0,1,0
Dr. Hörcsik Richárd,M05/E05/10,1,1,1,Hungarian,0,1,0
Hornyák Péter Rajmund,M16/E01/4,0,1,0,Hungarian,0,0,0
Horváth Aladár,M01/E06/21,1,1,0,Hungarian,0,0,0
Horváth András,M01/E08/7,0,1,0,Hungarian,0,0,0
Horváth András,M05/E05/8,0,1,0,Hungarian,0,0,0
Horváth András,M09/E01/1,1,1,0,Hungarian,0,0,0
Horváth András Tibor,M07/E03/6,1,1,0,Hungarian,0,0,1
Horváth Antal,M16/E05/22,0,1,0,Hungarian,0,0,0
Horváth Csaba,M09/E05/11,0,1,0,Hungarian,0,0,0
Horváth Csabáné,M18/E03/14,1,0,0,Hungarian,0,0,0
Horváth Dániel,M05/E01/22,0,1,0,Hungarian,0,0,0
Dr. Horváth Ferenc,M01/E11/25,1,1,1,Hungarian,0,0,0
Horváth Ferenc,M14/E05/12,0,1,0,Hungarian,0,0,0
Horváth Ferenc,M19/E03/21,1,1,0,Hungarian,0,0,0
Horváth Ferenc Antalné,M03/E04/2,1,0,0,Hungarian,0,0,0
Horváth Gyula,M09/E04/19,0,1,0,Hungarian,0,0,0
Horváth István,M17/E01/5,1,1,0,Hungarian,0,1,0
Horváth István Mihály,M18/E03/10,1,1,0,Hungarian,0,0,0
Horváth Jenőné,M16/E06/17,0,0,0,Hungarian,0,0,0
Horváth József,M02/E03/23,1,1,0,Hungarian,0,0,0
Dr. Horváth József,M19/E03/1,1,1,1,Hungarian,0,0,0
Horváth Krisztián,M05/E05/15,0,1,0,Hungarian,0,0,0
Horváth Krisztián,M17/E01/4,0,1,0,Hungarian,0,0,0
Horváth Lajosné,M09/E05/18,0,0,0,Hungarian,0,0,0
Horváth László,M15/E02/13,1,1,0,Hungarian,0,0,0
Horváth László Dezső,M10/E02/38,1,1,0,Hungarian,0,1,0
Horváth Marianna,M04/E04/12,0,0,0,Hungarian,0,0,0
Horváth Márton Imre,M19/E01/13,1,1,0,Hungarian,0,0,0
Dr. Horváth Melinda Erzsébet,M14/E12/5,0,0,1,Hungarian,0,0,0
Horváth Mihály,M10/E02/39,0,1,0,Hungarian,0,0,0
Horváth Péter Gábor,M01/E11/16,1,1,0,Hungarian,0,0,0
Horváth Sándor,M19/E04/5,0,1,0,Hungarian,0,0,0
Horváth Zoltán,M05/E06/18,0,1,0,Hungarian,0,0,0
Horváth Zoltán,M11/E01/21,0,1,0,Hungarian,0,0,0
Horváth Zoltán,M18/E01/9,0,1,0,Hungarian,0,0,0
Huczman Miklósné,M16/E02/19,1,0,0,Hungarian,0,0,0
Huszárné Luda Ágnes,M10/E02/25,0,0,0,Hungarian,0,0,0
Huszti Dávid,M07/E03/8,0,1,0,Hungarian,0,0,0
Huszti Józsefné,M07/E02/5,0,0,0,Hungarian,0,0,0
Huszti Lajos,M07/E02/12,0,1,0,Hungarian,0,0,0
Huszti Lajos,M07/E03/16,0,1,0,Hungarian,0,0,0
Huszti Róbert,M07/E05/7,0,1,0,Hungarian,0,0,0
Hutkai Anna,M08/E05/1,0,0,0,Hungarian,0,0,0
Ikotity István,M03/E06/8,1,1,0,Hungarian,0,0,0
Illéssy István,M07/E04/23,1,1,0,Hungarian,0,0,0
Imre István,M16/E03/14,1,1,0,Hungarian,0,0,0
Ivády Gábor,M10/E02/30,1,1,0,Hungarian,0,0,1
Iváncsevits Gyula,M01/E07/10,0,1,0,Hungarian,0,0,0
Iváncsik Imre,M11/E01/8,1,1,0,Hungarian,0,0,1
Iváncsó Zsolt,M05/E02/21,1,1,0,Hungarian,0,0,0
Ivanics Róbert,M10/E03/9,0,1,0,Hungarian,0,0,0
Jakab Gabriella,M01/E07/5,1,0,0,Hungarian,0,0,0
Jakab János,M11/E01/10,1,1,0,Hungarian,0,0,0
Jakab József,M04/E02/17,0,1,0,Hungarian,0,0,0
Jakab József,M16/E06/22,1,1,0,Hungarian,0,0,0
Jakab Mihály,M14/E08/14,0,1,0,Hungarian,0,0,0
Jakabfy Tamás,M01/E06/17,1,1,0,Hungarian,0,0,0
Jaksa-Ladányi Emma Zsuzsánna,M14/E08/10,1,0,0,Hungarian,0,0,0
Jámbor László,M11/E02/10,1,1,0,Hungarian,0,0,0
Jámbor Nándor,M04/E04/5,1,1,0,Hungarian,0,0,1
Jámbor Zoltán,M08/E02/13,1,1,0,Hungarian,0,0,0
Jambrik Gézáné,M20/E01/5,0,0,0,Hungarian,0,0,0
Jambrik Márton,M20/E01/9,0,1,0,Hungarian,0,0,0
Janó Elemér,M05/E01/1,0,1,0,Hungarian,0,0,0
Járási István,M20/E03/6,1,1,0,Hungarian,0,0,0
Jarkas Richárd Mátyás,M16/E03/18,0,1,0,Hungarian,0,0,0
Járvás Éva,M14/E01/15,1,0,0,Hungarian,0,0,0
Járvás István,M11/E02/17,1,1,0,Hungarian,0,0,0
Jenei Ferenc,M08/E02/11,0,1,0,Hungarian,0,0,0
Jenei Ferenc,M16/E04/16,1,1,0,Hungarian,0,0,0
Jeszenszki András,M16/E01/3,1,1,0,Hungarian,0,0,0
Jónás Lajos,M01/E09/22,0,1,0,Hungarian,0,0,0
Dr. Józsa István,M01/E02/5,1,1,1,Hungarian,0,0,1
Juhász Csaba,M05/E07/8,0,1,0,Hungarian,0,0,0
Juhász Ferenc,M11/E04/21,0,1,0,Hungarian,0,0,0
Juhász Ferenc,M16/E02/23,1,1,0,Hungarian,0,0,0
Juhász Gyuláné,M07/E01/17,1,0,0,Hungarian,0,0,0
Juhász Hilda,M14/E03/4,1,0,0,Hungarian,0,0,0
Juhász István,M02/E01/20,1,1,0,Hungarian,0,0,0
Juhász Jácint Gyula,M16/E05/11,0,1,0,Hungarian,0,0,0
Juhász Péter,M14/E05/6,1,1,0,Hungarian,0,0,0
Juhász Szabolcs,M10/E01/25,0,1,0,Hungarian,0,0,0
Juhász Zoltán Ákos,M12/E01/15,0,1,0,Hungarian,0,0,0
Juhászné Drabik Erzsébet,M09/E03/18,0,0,0,Hungarian,0,0,0
Juhos Bence,M15/E01/6,1,1,0,Hungarian,0,0,0
Jurás Zsolt,M17/E01/12,0,1,0,Hungarian,0,0,0
Kádár János,M16/E01/9,0,1,0,Hungarian,0,0,0
Kádi István Lajos,M09/E03/7,1,1,0,Hungarian,0,0,0
Kajdiné Virág Katalin,M09/E03/12,1,0,0,Hungarian,0,0,0
Kalanovicsné Fábus Éva Zsuzsanna,M05/E04/6,1,0,0,Hungarian,0,0,0
Kalapos Mária,M03/E06/14,1,0,0,Hungarian,0,0,0
Kállai István Elek,M09/E06/8,1,1,0,Hungarian,0,0,0
Kállai István Zsolt,M03/E05/18,0,1,0,Hungarian,0,0,0
Kállai József,M01/E17/22,1,1,0,Hungarian,0,0,0
Kállai Zsolt,M01/E09/1,0,1,0,Hungarian,0,0,0
Kalló Levente,M11/E03/8,0,1,0,Hungarian,0,0,0
Kalmár András,M07/E02/18,1,1,0,Hungarian,0,0,0
Kalmár István,M08/E04/8,0,1,0,Hungarian,0,0,0
Kámán Dávid Miklós,M14/E03/22,1,1,0,Hungarian,0,0,0
Kanalas József,M14/E08/9,0,1,0,Hungarian,0,0,0
Kanyó Károly,M13/E01/28,0,1,0,Hungarian,0,0,0
Kapás József,M11/E03/4,1,1,0,Hungarian,0,0,0
Dr. Kapolyi László,M10/E03/5,0,1,1,Hungarian,0,0,0
Kapornaki Szilveszter Márió,M09/E05/10,0,1,0,Hungarian,0,0,0
Kara Ákos,M08/E02/6,1,1,0,Hungarian,0,1,0
Kara Sándor,M01/E09/12,0,1,0,Hungarian,0,0,0
Karácsony Gergely Szilveszter,M01/E13/6,1,1,0,Hungarian,1,0,1
Karancsi Tibor József,M03/E05/12,1,1,0,Hungarian,0,0,0
Kardos Mihály,M05/E04/8,1,1,0,Hungarian,0,0,0
Kardos-Horváth János,M14/E03/9,1,1,0,Hungarian,0,0,0
Karnis Gáborné,M14/E04/8,0,0,0,Hungarian,0,0,0
Kárpáti Zoltán,M16/E04/9,1,1,0,Hungarian,0,0,0
Kásler Árpád,M04/E03/14,1,1,0,Hungarian,0,0,0
Kasler Sándor,M06/E03/5,1,1,0,Hungarian,0,0,0
Kassai Dániel,M01/E15/7,1,1,0,Hungarian,0,0,0
Kathiné Juhász Ildikó,M09/E06/7,1,0,0,Hungarian,0,0,0
Katona Gina,M16/E04/5,0,0,0,Hungarian,0,0,0
Kecskemétiné Gomán Emma Rozália,M02/E03/6,0,0,0,Hungarian,0,0,0
Kecskés D. Gusztáv,M01/E15/27,0,1,0,Hungarian,0,0,0
Kecskés Gábor,M10/E01/20,0,1,0,Hungarian,0,0,0
Kékesi Gergő,M14/E01/16,0,1,0,Hungarian,0,0,0
Kelemen Éva,M01/E12/11,1,0,0,Hungarian,0,0,0
Keller László,M14/E02/15,0,1,0,Hungarian,0,0,0
Keller Tibor Mihály,M01/E14/5,0,1,0,Hungarian,0,0,0
Kemény Endre,M05/E06/13,1,1,0,Hungarian,0,0,0
Kempf András,M04/E04/27,0,1,0,Hungarian,0,0,0
Kempf-Bereczki Mária,M04/E03/12,0,0,0,Hungarian,0,0,0
Dr. Kenyeresné Kosik Ilona,M11/E01/16,1,0,0,Hungarian,0,0,0
Kepli Lajos,M19/E02/21,1,1,0,Hungarian,0,0,1
Kerék-Bárczy Szabolcs,M01/E01/6,1,1,0,Hungarian,0,0,0
Dr. Kerekes László,M09/E05/36,1,1,1,Hungarian,0,0,0
Dr. Keresztes László Lóránt,M02/E02/32,1,1,1,Hungarian,0,0,0
Keresztesi Gyöngyi Julianna,M01/E16/2,0,0,0,Hungarian,0,0,0
Dr. Kereszturi Imre,M14/E10/25,1,1,1,Hungarian,0,0,0
Kerezsi László,M01/E09/16,1,1,0,Hungarian,0,0,0
Kern Tamás,M01/E07/7,0,1,0,Hungarian,0,0,0
Kerpács István,M19/E01/6,0,1,0,Hungarian,0,0,0
Keskeny Rudolfné,M14/E12/13,0,0,0,Hungarian,0,0,0
Keszegné Menczer Erzsébet Livia,M01/E10/9,1,0,0,Hungarian,0,0,0
Kézér Tamás,M11/E01/7,0,1,0,Hungarian,0,0,0
Dr. Kincses István András,M04/E04/21,1,1,1,Hungarian,0,0,0
Kincses Mária Rózsa,M19/E02/7,0,0,0,Hungarian,0,0,0
Kindl László,M03/E03/8,0,1,0,Hungarian,0,0,0
Király Ildikó,M20/E01/8,0,0,0,Hungarian,0,0,0
Király Jenny,M19/E04/2,0,0,0,Hungarian,0,0,0
Király József,M03/E01/15,1,1,0,Hungarian,0,0,0
Király Renáta,M06/E01/9,0,0,0,Hungarian,0,0,0
Király Zsolt Ferenc,M05/E01/12,0,1,0,Hungarian,0,0,0
Királyné Ferencz Ildikó,M19/E04/4,0,0,0,Hungarian,0,0,0
Kirner László,M14/E08/27,1,1,0,Hungarian,0,0,0
Kisgergely András,M05/E03/1,0,1,0,Hungarian,0,0,0
Dr. Kiss Attila,M06/E04/12,1,1,1,Hungarian,0,0,0
Kiss Erika,M01/E11/28,1,0,0,Hungarian,0,0,0
Kiss Ferenc,M20/E01/13,0,1,0,Hungarian,0,0,0
Kiss Gábor,M10/E03/13,1,1,0,Hungarian,0,0,0
Kiss Gáborné,M05/E01/27,1,0,0,Hungarian,0,0,0
Kiss János,M03/E03/10,0,1,0,Hungarian,0,0,0
Kiss János,M14/E03/18,0,1,0,Hungarian,0,0,0
Kiss Kálmán Tibor,M03/E04/1,1,1,0,Hungarian,0,0,0
Kiss Klára,M09/E05/17,1,0,0,Hungarian,0,0,0
Kiss László,M01/E10/2,0,1,0,Hungarian,0,0,0
Kiss László,M13/E02/18,0,1,0,Hungarian,0,0,0
Kiss László,M16/E03/4,1,1,0,Hungarian,0,0,0
Kiss Péter,M01/E11/8,1,1,0,Hungarian,1,0,1
Dr. Kiss Sándor,M16/E06/2,1,1,1,Hungarian,0,0,1
Kiss Zoltán,M02/E02/7,0,1,0,Hungarian,0,0,0
Kiss Zsolt János,M14/E04/2,1,1,0,Hungarian,0,0,0
Kissné Kovács Zsuzsanna,M16/E05/15,0,0,0,Hungarian,0,0,0
Kissné Patkós Gyöngyi Hajnalka,M02/E01/47,0,0,0,Hungarian,0,0,0
Kissné Simonics Gabriella,M03/E03/12,0,0,0,Hungarian,0,0,0
Kittl János István,M02/E02/19,1,1,0,Hungarian,0,0,0
Klányi József,M13/E01/17,0,1,0,Hungarian,0,0,0
Klikkné Horváth Cecília Margit,M15/E03/5,0,0,0,Hungarian,0,0,0
Klimon István,M05/E04/13,1,1,0,Hungarian,0,0,0
Dr. Kóbor József,M02/E01/19,1,1,1,Hungarian,0,0,0
Kócs Felicián Gábor,M19/E03/16,1,1,0,Hungarian,0,0,0
Ködmön Szabolcs,M08/E05/7,0,1,0,Hungarian,0,0,0
Kőfalvi László,M14/E04/21,1,1,0,Hungarian,0,0,0
Kohajda László István,M03/E02/1,0,1,0,Hungarian,0,0,0
Köhler Ákos Tamás,M01/E18/13,1,1,0,Hungarian,0,0,0
Köhler Nóra,M17/E03/17,0,0,0,Hungarian,0,0,0
Koji Attiláné,M16/E02/10,1,0,0,Hungarian,0,0,0
Kökény Kálmán,M11/E02/9,1,1,0,Hungarian,0,0,0
Dr. Kolber István,M15/E01/15,1,1,1,Hungarian,0,0,1
Kölbl Gábor,M01/E17/21,0,1,0,Hungarian,0,0,0
Kollár Krisztina,M14/E07/7,1,0,0,Hungarian,0,0,0
Kollár László,M03/E04/14,1,1,0,Hungarian,0,0,0
Kollinger Attila,M03/E03/22,1,1,0,Hungarian,0,0,0
Kolompár Attila,M03/E04/12,0,1,0,Hungarian,0,0,0
Kolompár Ferenc,M09/E05/22,0,1,0,Hungarian,0,0,0
Kolozsvári Julianna,M03/E06/15,0,0,0,Hungarian,0,0,0
Kolozsváry István,M01/E10/18,1,1,0,Hungarian,0,0,0
Koltai Péterné,M01/E15/19,0,0,0,Hungarian,0,0,0
Dr. Komáromi Zoltán Pál,M06/E03/16,1,1,1,Hungarian,0,0,0
Komlósi Csaba,M13/E01/7,1,1,0,Hungarian,0,0,0
Komoróczy Tibor Attila,M09/E06/6,0,1,0,Hungarian,0,0,0
Dr. Kontrát Károly,M19/E02/22,1,1,1,Hungarian,0,0,1
Kónya Béla,M05/E03/22,1,1,0,Hungarian,0,0,0
Kónya Krisztián Zsolt,M19/E03/14,1,1,0,Hungarian,0,0,0
Konyár Melinda,M17/E02/2,0,0,0,Hungarian,0,0,0
Kordás Adrienn,M06/E03/3,1,0,0,Hungarian,0,0,0
Köröndi Máté,M06/E03/2,0,1,0,Hungarian,0,0,0
Kőrös Ernő,M18/E02/15,1,1,0,Hungarian,0,0,0
Kőrössy Tamás György,M18/E01/6,0,1,0,Hungarian,0,0,0
Korózs Lajos,M10/E03/25,1,1,0,Hungarian,0,0,0
Korsós Ádám János,M03/E03/21,0,1,0,Hungarian,0,0,0
Korsós András,M11/E02/8,0,1,0,Hungarian,0,0,0
Kósa Lajos,M09/E01/3,1,1,0,Hungarian,1,1,0
Kósa Sándor,M14/E02/3,0,1,0,Hungarian,0,0,0
Kostya Bánk László,M01/E15/23,0,1,0,Hungarian,0,0,0
Kőszeghy Csanád Ábel,M09/E02/3,1,1,0,Hungarian,0,0,0
Kottán Georgina,M19/E03/6,0,0,0,Hungarian,0,0,0
Kottán Krisztián,M20/E02/12,0,1,0,Hungarian,0,0,0
Kovács Attila,M18/E02/9,0,1,0,Hungarian,0,0,0
Kovács Barnabás,M14/E06/15,1,1,0,Hungarian,0,0,0
Kovács Béla,M01/E08/9,0,1,0,Hungarian,0,0,0
Kovács Béla,M19/E01/11,1,1,0,Hungarian,0,0,0
Kovács Béláné,M02/E03/3,0,0,0,Hungarian,0,0,0
Kovács Boglárka,M13/E02/9,1,0,0,Hungarian,0,0,0
Kovács Gábor,M15/E02/14,0,1,0,Hungarian,0,0,0
Kovács Gyula,M14/E08/13,0,1,0,Hungarian,0,0,0
Kovács Imre,M09/E05/24,0,1,0,Hungarian,0,0,0
Kovács Imre József,M05/E04/2,1,1,0,Hungarian,0,0,0
Kovács Irén Judit,M06/E04/19,1,0,0,Hungarian,0,0,0
Kovács Irma Tünde,M17/E01/14,0,0,0,Hungarian,0,0,0
Kovács István,M02/E03/8,1,1,0,Hungarian,0,0,0
Kovács István József,M09/E01/6,0,1,0,Hungarian,0,0,0
Dr. Kovács József Dezső,M04/E03/11,1,1,1,Hungarian,0,0,0
Kovács Julianna,M01/E09/20,0,0,0,Hungarian,0,0,0
Kovács Krisztián,M08/E03/10,0,1,0,Hungarian,0,0,0
Kovács Krisztián,M16/E04/18,0,1,0,Hungarian,0,0,0
Kovács László,M06/E04/10,0,1,0,Hungarian,0,0,0
Kovács László,M14/E12/14,1,1,0,Hungarian,0,0,0
Kovács Lili,M07/E02/15,1,0,0,Hungarian,0,0,0
Kovács Martin Tamás,M08/E04/7,0,1,0,Hungarian,0,0,0
Kovács Máté,M09/E06/15,1,1,0,Hungarian,0,0,0
Kovács Réka Zsuzsanna,M09/E04/6,1,0,0,Hungarian,0,0,0
Kovács Sabrina,M04/E01/11,1,0,0,Hungarian,0,0,0
Kovács Sándor,M16/E05/9,1,1,0,Hungarian,0,0,0
Kovács Sándor Zoltán,M14/E07/22,1,1,0,Hungarian,0,0,0
Kovács Szabolcs,M18/E01/12,1,1,0,Hungarian,0,0,0
Kovács Tamás,M07/E02/19,1,1,0,Hungarian,0,0,0
Kovács Viktorné,M05/E07/3,0,0,0,Hungarian,0,0,0
Dr. Kovács Zoltán,M19/E04/13,1,1,1,Hungarian,0,1,0
Kovács-Buna János,M05/E06/5,0,1,0,Hungarian,0,0,0
Kovács-Haász Veronika,M01/E18/9,0,0,0,Hungarian,0,0,0
Kovacsics Imre,M14/E05/8,1,1,0,Hungarian,0,0,0
Kovácsné Csatári Éva,M09/E05/29,0,0,0,Hungarian,0,0,0
Kovácsné Váradi Melinda,M16/E02/6,0,0,0,Hungarian,0,0,0
Kövendi Erzsébet,M11/E02/14,1,0,0,Hungarian,0,0,0
Köves Ákos,M15/E02/6,0,1,0,Hungarian,0,0,0
Kozák Dávid,M06/E01/5,1,1,0,Hungarian,0,0,0
Kozmor Imre Ferenc,M19/E01/1,0,1,0,Hungarian,0,0,0
Kránitz László,M08/E03/1,1,1,0,Hungarian,0,0,1
Kredits Krisztina,M01/E13/14,1,0,0,Hungarian,0,0,0
Kreisz Katalin Erzsébet,M14/E11/21,1,0,0,Hungarian,0,0,0
Kreith Anita Márta,M09/E05/9,1,0,0,Hungarian,0,0,0
Krekács Dániel Zsolt,M13/E01/2,1,1,0,Hungarian,0,0,0
Krisán László,M04/E04/14,0,1,0,Hungarian,0,0,0
Kriskó Áron,M01/E14/4,1,1,0,Hungarian,0,0,0
Kriskó Dávid Gábor,M03/E01/17,1,1,0,Hungarian,0,0,0
Kristóf Csaba,M15/E02/22,0,1,0,Hungarian,0,0,0
Krizsák Péter,M03/E06/5,0,1,0,Hungarian,0,0,0
Kucsák László,M01/E15/20,1,1,0,Hungarian,0,1,0
Kucséber Ervin,M20/E03/10,1,1,0,Hungarian,0,0,0
Kulcsár Gergely,M09/E06/11,1,1,0,Hungarian,0,0,1
Kulcsár Jánosné,M02/E04/22,0,0,0,Hungarian,0,0,0
Kulcsár Mária,M16/E03/5,0,0,0,Hungarian,0,0,0
Kulcsár Virág Mónika,M17/E03/3,0,0,0,Hungarian,0,0,0
Kulcsárné Kozma Erzsébet,M20/E01/19,0,0,0,Hungarian,0,0,0
Kulin Beáta,M05/E06/1,0,0,0,Hungarian,0,0,0
Kun Éva,M04/E02/13,0,0,0,Hungarian,0,0,0
Kuncze Gábor,M14/E08/7,0,1,0,Hungarian,1,0,0
Kunhalmi Ágnes,M01/E15/1,1,0,0,Hungarian,1,0,0
Kupi Jánosné,M18/E01/1,1,0,0,Hungarian,0,0,0
Kürti István,M13/E01/13,0,1,0,Hungarian,0,0,0
Kürti Magdolna,M04/E01/7,0,0,0,Hungarian,0,0,0
Kurucz Györgyné,M16/E06/10,1,0,0,Hungarian,0,0,0
Kutalik Tamás,M03/E04/20,0,1,0,Hungarian,0,0,0
Kutas József,M13/E01/10,1,1,0,Hungarian,0,0,0
Kutas Viktor Csaba,M15/E02/11,1,1,0,Hungarian,0,0,0
Laczkó Gyula,M05/E05/14,0,1,0,Hungarian,0,0,0
Laczkó Józsefné,M14/E12/3,1,0,0,Hungarian,0,0,0
Ladányi György,M03/E02/2,0,1,0,Hungarian,0,0,0
Lakatos Attila,M01/E16/15,1,1,0,Hungarian,0,0,0
Lakatos Edit,M01/E16/24,1,0,0,Hungarian,0,0,0
Lakatos Gabriella,M07/E01/18,1,0,0,Hungarian,0,0,0
Lakatos Gusztáv,M11/E04/2,1,1,0,Hungarian,0,0,0
Lakatos Istvánné,M14/E04/5,0,0,0,Hungarian,0,0,0
Lakatos Krisztián,M05/E04/17,0,1,0,Hungarian,0,0,0
Lakatos Lászlóné,M16/E02/16,0,0,0,Hungarian,0,0,0
Lakatos Miklós,M16/E04/21,0,1,0,Hungarian,0,0,0
Lakatos Nikoletta,M13/E02/10,0,0,0,Hungarian,0,0,0
Lakatos Tibor,M05/E05/6,0,1,0,Hungarian,0,0,0
Lakatosné Ivanics Éva,M14/E10/2,0,0,0,Hungarian,0,0,0
Lakatosné László Beáta,M01/E12/5,0,0,0,Hungarian,0,0,0
Lakatosné Marinka Andrea,M09/E02/14,1,0,0,Hungarian,0,0,0
Laki Gábor,M18/E01/4,0,1,0,Hungarian,0,0,0
Lakos Veronika,M14/E11/11,1,0,0,Hungarian,0,0,0
Láng Márta,M01/E08/3,1,0,0,Hungarian,0,0,0
Lantos István,M13/E01/30,0,1,0,Hungarian,0,0,0
Lapos Péter,M03/E05/19,1,1,0,Hungarian,0,0,0
Laskovics Diána,M03/E02/18,1,0,0,Hungarian,0,0,0
László Judit,M02/E03/7,0,0,0,Hungarian,0,0,0
László Tamás,M01/E12/2,1,1,0,Hungarian,0,1,0
László Zsolt,M10/E03/17,0,1,0,Hungarian,0,0,0
Lasztovicza Jenő,M19/E03/17,1,1,0,Hungarian,0,1,0
Laukó Lenke,M13/E01/6,1,0,0,Hungarian,0,0,0
Lázár Andrea,M14/E01/17,1,0,0,Hungarian,0,0,0
Dr. Lázár János,M06/E04/9,1,1,1,Hungarian,1,1,0
Lázár Péter László,M19/E03/12,0,1,0,Hungarian,0,0,0
Lázi Csaba,M05/E03/19,0,1,0,Hungarian,0,0,0
Lázi Zoltán,M05/E06/3,0,1,0,Hungarian,0,0,0
Lécz György,M17/E02/12,0,1,0,Hungarian,0,0,0
Lécz Viktor György,M15/E04/10,0,1,0,Hungarian,0,0,0
Lédeczi László,M03/E02/9,0,1,0,Hungarian,0,0,0
Leelőssy Éva,M04/E03/22,1,0,0,Hungarian,0,0,0
Dr. Legény Zsolt,M16/E03/16,1,1,1,Hungarian,0,0,0
Légrádi József Zoltán,M14/E10/21,0,1,0,Hungarian,0,0,0
Dr. Léhmann György,M15/E04/1,0,1,1,Hungarian,0,0,0
Léhmann Viktor,M01/E17/11,1,1,0,Hungarian,0,0,0
Lehóczki Attila,M08/E05/6,0,1,0,Hungarian,0,0,0
Leiterné Pálfalvi Petra,M09/E03/17,1,0,0,Hungarian,0,0,0
Lengyel Szilvia,M14/E06/22,1,0,0,Hungarian,0,0,1
Drexler Róbert Ferenc,M15/E04/11,1,1,0,Hungarian,0,0,0
Lévai István,M12/E01/8,1,1,0,Hungarian,0,0,0
Lezsák Sándor István,M03/E04/19,1,1,0,Hungarian,0,1,0
Lipovits Máté,M08/E05/5,1,1,0,Hungarian,0,0,0
Dr. Liszák János,M11/E02/1,0,1,1,Hungarian,0,0,0
Logó Ilona Rita,M03/E05/7,0,0,0,Hungarian,0,0,0
Loschán Ferenc,M02/E03/11,0,1,0,Hungarian,0,0,0
Lóth Ferenc,M15/E02/20,0,1,0,Hungarian,0,0,0
Lovas Ildikó Éva,M03/E02/24,1,0,0,Hungarian,0,0,0
Lovász Márk Renátó,M14/E08/8,0,1,0,Hungarian,0,0,0
Lovrity István,M05/E01/6,0,1,0,Hungarian,0,0,0
Dr. Lukács László György,M11/E03/9,1,1,1,Hungarian,0,0,0
Dr. Lukács Zoltán,M10/E02/14,1,1,1,Hungarian,0,0,0
Lukács Zoltán Géza,M12/E01/28,0,1,0,Hungarian,0,0,0
Lukoczki Károly,M01/E14/3,1,1,0,Hungarian,0,0,0
Lupa János,M14/E08/21,1,1,0,Hungarian,0,0,0
Mach Kornél,M05/E02/20,0,1,0,Hungarian,0,0,0
Mácsik János,M08/E05/14,1,1,0,Hungarian,0,0,0
Madarász Zsuzsanna,M08/E01/18,1,0,0,Hungarian,0,0,0
Magyar András Tamás,M07/E04/21,1,1,0,Hungarian,0,0,0
Magyar Márta,M01/E14/11,1,0,0,Hungarian,0,0,0
Magyar Zoltán,M08/E03/14,1,1,0,Hungarian,0,0,1
Magyarné Marincsák Ibolya,M09/E05/13,0,0,0,Hungarian,0,0,0
Majdanics János,M06/E03/12,0,1,0,Hungarian,0,0,0
Majer Zsuzsanna Éva,M12/E01/10,0,0,0,Hungarian,0,0,0
Majkó Gyula Miklós,M15/E04/2,0,1,0,Hungarian,0,0,0
Majláth László,M07/E05/9,0,1,0,Hungarian,0,0,0
Major Gábor,M20/E01/2,1,1,0,Hungarian,0,0,0
Dr. Majoros Imre,M09/E04/4,1,1,1,Hungarian,0,0,0
Mák Beáta,M04/E04/10,0,0,0,Hungarian,0,0,0
Makádi Balázs,M03/E03/15,1,1,0,Hungarian,0,0,0
Makai Balázs István,M12/E02/7,0,1,0,Hungarian,0,0,0
Makai Ferenc Mihály,M01/E12/1,1,1,0,Hungarian,0,0,0
Makai Istvánné,M01/E06/19,1,0,0,Hungarian,0,0,0
Makai Tibor,M01/E15/24,1,1,0,Hungarian,0,0,0
Makó András,M13/E02/13,1,1,0,Hungarian,0,0,0
Makula Andrásné,M16/E01/2,0,0,0,Hungarian,0,0,0
Makula Gábriel,M16/E01/1,0,1,0,Hungarian,0,0,0
Makula Krisztián,M09/E05/1,0,1,0,Hungarian,0,0,0
Málovits Martin Dániel,M11/E03/7,0,1,0,Hungarian,0,0,0
Mályi Lászlóné,M02/E04/31,1,0,0,Hungarian,0,0,0
Manninger Jenő Vilmos,M20/E02/11,1,1,0,Hungarian,0,1,0
Mányi István,M03/E02/11,0,1,0,Hungarian,0,0,0
Marján Péter György,M14/E11/18,0,1,0,Hungarian,0,0,0
Marosi Katalin,M14/E03/6,1,0,0,Hungarian,0,0,0
Márton Andrea,M07/E05/12,1,0,0,Hungarian,0,0,0
Marton Gergő,M14/E02/11,1,1,0,Hungarian,0,0,0
Marton Janka,M17/E02/10,0,0,0,Hungarian,0,0,0
Marton Krisztián,M20/E03/26,0,1,0,Hungarian,0,0,0
Dr. Márton Roland,M07/E01/13,1,1,1,Hungarian,0,0,0
Mata András,M01/E09/6,0,1,0,Hungarian,0,0,0
Mata Szabolcs,M05/E04/30,0,1,0,Hungarian,0,0,0
Mata Szabolcs,M05/E05/16,0,1,0,Hungarian,0,0,0
Mata Szabolcsné,M05/E05/11,0,0,0,Hungarian,0,0,0
Mata Szilárd,M05/E05/1,0,1,0,Hungarian,0,0,0
Matavovszky Dániel,M16/E01/5,0,1,0,Hungarian,0,0,0
Máté Ferenc,M14/E08/17,0,1,0,Hungarian,0,0,0
Máté György Ákos,M16/E06/19,1,1,0,Hungarian,0,0,0
Máté Lajos,M09/E05/3,1,1,0,Hungarian,0,0,0
Mátrai Csaba,M07/E02/1,1,1,0,Hungarian,0,0,0
Mátyás Balázs Máté,M15/E03/11,1,1,0,Hungarian,0,0,0
May Miklós,M01/E11/3,0,1,0,Hungarian,0,0,0
Mayer Péter,M12/E01/16,1,1,0,Hungarian,0,0,0
Mazgon Jelena,M13/E02/3,1,0,0,Hungarian,0,0,0
Mellákné Tóth Éva,M14/E03/1,0,0,0,Hungarian,0,0,0
Dr. Mengyi Roland,M05/E06/8,1,1,1,Hungarian,0,1,0
Ménkű Ottó,M11/E02/6,1,1,0,Hungarian,0,0,0
Méri László,M14/E05/7,0,1,0,Hungarian,0,0,0
Mersei Eszter,M14/E07/6,0,0,0,Hungarian,0,0,0
Mersich Dániel,M08/E03/12,1,1,0,Hungarian,0,0,0
Mester Dávid,M18/E03/1,0,1,0,Hungarian,0,0,0
Mészáros Gina Ildikó,M04/E02/7,0,0,0,Hungarian,0,0,0
Mészáros István,M03/E06/3,1,1,0,Hungarian,0,0,0
Mészáros Norbert,M01/E15/16,1,1,0,Hungarian,0,0,0
Mészáros Szabolcs,M19/E04/15,0,1,0,Hungarian,0,0,0
Mészáros Zoltán Miklósné,M06/E01/18,1,0,0,Hungarian,0,0,0
Mészárosné Rostás Katalin Márta,M01/E09/13,1,0,0,Hungarian,0,0,0
Mezei János,M04/E04/15,0,1,0,Hungarian,0,0,0
Dr. Mező Balázs Béla,M07/E01/6,1,1,1,Hungarian,0,0,0
Miháldinecz Gábor,M15/E01/14,1,1,0,Hungarian,0,0,0
Mihálovics Ibolya,M02/E03/15,1,0,0,Hungarian,0,0,0
Miklós Árpád,M05/E04/14,1,1,0,Hungarian,0,0,0
Miklós Attila Zsolt,M04/E01/16,1,1,0,Hungarian,0,0,0
Mikó János,M10/E03/20,0,1,0,Hungarian,0,0,0
Mikus Csaba,M14/E09/3,1,1,0,Hungarian,0,0,0
Mile Lajos,M05/E02/7,1,1,0,Hungarian,0,0,1
Mile Melinda,M01/E03/1,1,0,0,Hungarian,0,0,0
Milkovics Attila,M08/E01/19,1,1,0,Hungarian,0,0,0
Mirkóczki Ádám,M10/E01/4,1,1,0,Hungarian,0,0,1
Mitrovics Olivér,M02/E04/19,0,1,0,Hungarian,0,0,0
Mizsei László,M01/E13/15,1,1,0,Hungarian,0,0,0
Mizsik Diána,M05/E05/9,0,0,0,Hungarian,0,0,0
Mlinkó László Csaba,M01/E15/3,0,1,0,Hungarian,0,0,0
Moldován László,M01/E07/16,1,1,0,Hungarian,0,0,0
Molnár Attila,M17/E01/15,0,1,0,Hungarian,0,0,0
Molnár Ferencné,M01/E16/20,1,0,0,Hungarian,0,0,0
Molnár István,M20/E03/24,1,1,0,Hungarian,0,0,0
Molnár János,M10/E03/1,1,1,0,Hungarian,0,0,0
Molnár Józsefné,M14/E10/9,1,0,0,Hungarian,0,0,0
Molnár Zsolt,M08/E01/17,1,1,0,Hungarian,0,0,0
Molnárné Jakab Mária Hajnalka,M15/E04/7,1,0,0,Hungarian,0,0,0
Dr. Molnos Levente Lóránt,M07/E03/5,0,1,1,Hungarian,0,0,0
Monostori János,M17/E02/1,1,1,0,Hungarian,0,0,0
Moravcsik Attila,M14/E04/25,1,1,0,Hungarian,0,0,0
Móricz Eszter,M01/E12/4,1,0,0,Hungarian,0,0,0
Móricz Károly Antalné,M02/E03/12,1,0,0,Hungarian,0,0,0
Móring József Attila,M15/E03/12,1,1,0,Hungarian,0,1,0
Mülléder Gábor,M15/E04/5,0,1,0,Hungarian,0,0,0
Müller János Sándor,M03/E03/14,0,1,0,Hungarian,0,0,0
Murányi Levente,M14/E03/8,1,1,0,Hungarian,0,0,1
Musa Károly Rudolf,M05/E05/4,0,1,0,Hungarian,0,0,0
Muzsla Jánosné,M06/E04/21,1,0,0,Hungarian,0,0,0
Nagy Ádám,M08/E05/11,1,1,0,Hungarian,0,0,0
Nagy András,M18/E01/2,0,1,0,Hungarian,0,0,0
Nagy Andrásné,M11/E04/11,0,0,0,Hungarian,0,0,0
Nagy Attila,M02/E04/1,0,1,0,Hungarian,0,0,0
Nagy Attila,M05/E07/30,0,1,0,Hungarian,0,0,0
Nagy Attila,M06/E04/17,0,1,0,Hungarian,0,0,0
Dr. Nagy Attila,M09/E02/11,0,1,1,Hungarian,0,0,0
Nagy Attila,M16/E02/20,0,1,0,Hungarian,0,0,0
Nagy Attila Tibor,M13/E01/25,1,1,0,Hungarian,0,0,0
Nagy Attila Zoltán,M08/E05/4,1,1,0,Hungarian,0,0,0
Nagy Donát Boldizsár,M01/E18/17,1,1,0,Hungarian,0,0,0
Nagy Gábor,M04/E04/1,1,1,0,Hungarian,0,0,0
Nagy Gergő,M18/E03/13,0,1,0,Hungarian,0,0,0
Nagy Gyula,M11/E03/17,0,1,0,Hungarian,0,0,0
Nagy Ildikó,M09/E05/2,1,0,0,Hungarian,0,0,0
Nagy István,M06/E01/17,1,1,0,Hungarian,0,0,1
Dr. Nagy István,M08/E05/2,1,1,1,Hungarian,0,1,0
Nagy István Béla,M16/E04/22,1,1,0,Hungarian,0,0,0
Nagy János,M11/E02/3,0,1,0,Hungarian,0,0,0
Nagy János Csaba,M16/E02/5,0,1,0,Hungarian,0,0,0
Nagy József,M11/E01/9,0,1,0,Hungarian,0,0,0
Nagy József,M13/E02/14,0,1,0,Hungarian,0,0,0
Nagy Józsefné,M13/E01/11,0,0,0,Hungarian,0,0,0
Nagy Judit Erzsébet,M09/E03/20,1,0,0,Hungarian,0,0,0
Nagy Károly Tiborné,M09/E06/16,1,0,0,Hungarian,0,0,0
Nagy Lajos,M05/E07/12,1,1,0,Hungarian,0,0,0
Nagy László Csaba,M16/E06/3,1,1,0,Hungarian,0,0,0
Dr. Nagy Marianna,M14/E07/26,0,0,1,Hungarian,0,0,0
Nagy Nándor,M14/E05/3,0,1,0,Hungarian,0,0,0
Nagy Nándor Lajos,M15/E01/16,0,1,0,Hungarian,0,0,0
Nagy Péter,M01/E02/3,1,1,0,Hungarian,0,0,0
Nagy Richárd,M20/E02/3,1,1,0,Hungarian,0,0,0
Nagy Róbert István,M16/E01/16,0,1,0,Hungarian,0,0,0
Nagy Sándor,M09/E04/18,0,1,0,Hungarian,0,0,0
Nagy Sándor,M14/E04/1,0,1,0,Hungarian,0,0,0
Nagy Szilárd Benjamin,M14/E04/19,0,1,0,Hungarian,0,0,0
Nagy Tibor Barnabás,M16/E02/17,0,1,0,Hungarian,0,0,0
Nagy Zsolt,M04/E01/17,0,1,0,Hungarian,0,0,0
Dr. Nagy Zsombor,M16/E06/8,1,1,1,Hungarian,0,0,0
Nagy-Bandó András,M06/E04/5,1,1,0,Hungarian,0,0,0
Nagy-Korsa Judit Anna,M05/E01/24,0,0,0,Hungarian,0,0,0
Nagyillés Máté,M15/E03/15,0,1,0,Hungarian,0,0,0
Nándori Ferenc,M01/E16/5,1,1,0,Hungarian,0,0,0
Dr. Navracsics Tibor,M19/E01/16,1,1,1,Hungarian,1,1,0
Dr. Nemény András,M18/E01/15,1,1,1,Hungarian,0,0,1
Nemes Miklós,M04/E04/11,0,1,0,Hungarian,0,0,0
Nemes Tibor,M12/E03/14,0,1,0,Hungarian,0,0,0
Németh Áron Csaba,M20/E02/4,1,1,0,Hungarian,0,0,0
Németh Brendon Zsolt,M20/E01/14,1,1,0,Hungarian,0,0,0
Németh Erik,M07/E01/3,1,1,0,Hungarian,0,0,0
Németh Ferenc,M19/E03/18,0,1,0,Hungarian,0,0,0
Németh István,M06/E01/22,0,1,0,Hungarian,0,0,0
Németh Istvánné,M07/E05/16,0,0,0,Hungarian,0,0,0
Dr. Németh Julianna Erzsébet,M01/E03/2,1,0,1,Hungarian,0,0,0
Németh László,M13/E02/16,0,1,0,Hungarian,0,0,0
Németh Sándor,M08/E01/2,1,1,0,Hungarian,0,0,0
Németh Szilárd István,M01/E17/12,1,1,0,Hungarian,1,1,0
Dr. Németh Zsanett,M07/E01/16,0,0,1,Hungarian,0,0,0
Németh Zsolt,M02/E01/24,1,1,0,Hungarian,0,0,1
Némethné Bátyai Edina Beáta,M06/E02/3,1,0,0,Hungarian,0,0,0
Németi Attila Sándor,M09/E04/8,1,1,0,Hungarian,0,0,0
Németi Ilona,M05/E06/10,1,0,0,Hungarian,0,0,0
Niedermüller Péter,M03/E03/19,1,1,0,Hungarian,0,0,0
Nógrádi Ferenc,M14/E04/13,1,1,0,Hungarian,0,0,0
Novák Előd Attila,M01/E02/1,0,1,0,Hungarian,1,0,1
Novák Szabolcs Ákos,M06/E04/15,1,1,0,Hungarian,0,0,0
Nunkovics Tibor,M12/E02/6,1,1,0,Hungarian,0,0,0
Nyakó István,M05/E03/14,1,1,0,Hungarian,0,0,1
Nyerges Attiláné,M17/E02/17,1,0,0,Hungarian,0,0,0
Nyerges József,M16/E04/8,0,1,0,Hungarian,0,0,0
Nyeste László,M05/E07/13,1,1,0,Hungarian,0,0,0
Dr. Nyirán Gergely,M12/E02/5,0,1,1,Hungarian,0,0,0
Nyiri Márton,M14/E05/10,1,1,0,Hungarian,0,0,0
Nyíri Sándor,M16/E02/1,1,1,0,Hungarian,0,0,0
Dr. Nyitrai Zsolt Péter,M10/E01/13,1,1,1,Hungarian,0,0,1
Nyőgér István,M19/E04/10,0,1,0,Hungarian,0,0,0
Óber László,M07/E01/5,1,1,0,Hungarian,0,0,0
Oberna Zoltán,M03/E02/5,1,1,0,Hungarian,0,0,0
Ódor Ferenc,M08/E05/12,1,1,0,Hungarian,0,1,0
Oláh Árpád,M14/E06/11,0,1,0,Hungarian,0,0,0
Oláh Károly,M10/E03/15,0,1,0,Hungarian,0,0,0
Dr. Oláh Lajos,M01/E05/2,1,1,1,Hungarian,0,0,1
Dr. Oláh Lajos,M01/E12/9,0,1,1,Hungarian,0,0,1
Oláh Zsoltné,M03/E03/17,0,0,0,Hungarian,0,0,0
Orbán Attila,M17/E03/9,1,1,0,Hungarian,0,0,0
Orbán Gábor,M03/E01/9,0,1,0,Hungarian,0,0,0
Orbán Gergő,M18/E02/2,1,1,0,Hungarian,0,0,0
Orbán Gyula,M03/E01/10,1,1,0,Hungarian,0,0,0
Orbán Gyula,M03/E02/13,0,1,0,Hungarian,0,0,0
Ördög István,M06/E02/13,0,1,0,Hungarian,0,0,0
Ördög Margit Rozália,M02/E01/36,0,0,0,Hungarian,0,0,0
Orgona Ágnes,M05/E04/12,0,0,0,Hungarian,0,0,0
Orgován Zoltán,M16/E06/6,1,1,0,Hungarian,0,0,0
Orha Zoltán Béla,M07/E04/7,1,1,0,Hungarian,0,0,0
Orliczki Sándor József,M05/E03/13,0,1,0,Hungarian,0,0,0
Ormós László,M05/E04/25,0,1,0,Hungarian,0,0,0
Orosz Imre Tibor,M05/E01/15,1,1,0,Hungarian,0,0,0
Orosz István Gábor,M14/E11/17,0,1,0,Hungarian,0,0,0
Oroszi István,M14/E10/16,0,1,0,Hungarian,0,0,0
Oroszi Istvánné,M09/E06/4,0,0,0,Hungarian,0,0,0
Orsós István,M17/E02/16,0,1,0,Hungarian,0,0,0
Orsós Istvánné,M17/E02/9,0,0,0,Hungarian,0,0,0
Orsós László Vendel,M19/E02/15,1,1,0,Hungarian,0,0,0
Orsós Zoltán,M02/E04/28,0,1,0,Hungarian,0,0,0
Orsovai János,M05/E05/12,1,1,0,Hungarian,0,0,0
Ozsváth László,M11/E03/11,1,1,0,Hungarian,0,0,0
Pachl Tamás,M12/E01/17,1,1,0,Hungarian,0,0,0
Pacsuta Péter János,M14/E01/4,0,1,0,Hungarian,0,0,0
Pajor Tibor,M01/E11/4,1,1,0,Hungarian,0,0,0
Paksi Imre,M07/E03/18,0,1,0,Hungarian,0,0,0
Dr. Paksy Zoltán,M20/E01/17,1,1,1,Hungarian,0,0,0
Pakusza Zoltán,M05/E02/22,1,1,0,Hungarian,0,0,0
Pál Béla,M19/E01/2,1,1,0,Hungarian,0,0,1
Pál József,M07/E05/17,0,1,0,Hungarian,0,0,0
Pál Tibor Gyula,M01/E06/1,1,1,0,Hungarian,0,0,0
Palásti János,M02/E04/12,0,1,0,Hungarian,0,0,0
Dr. Pálfi Miklós,M11/E01/15,1,1,1,Hungarian,0,0,0
Pallás György,M09/E03/3,1,1,0,Hungarian,0,0,0
Dr. Palócz Mihályné,M15/E03/19,0,0,0,Hungarian,0,0,0
Pálosi Attila,M01/E16/7,1,1,0,Hungarian,0,0,0
Palotai Gábor,M03/E01/19,1,1,0,Hungarian,0,0,0
Paluska János,M15/E02/15,1,1,0,Hungarian,0,0,0
Pánczél Károly,M14/E11/1,1,1,0,Hungarian,0,1,0
Pandur László Gábor,M15/E02/8,0,1,0,Hungarian,0,0,0
Pankász Róbert,M15/E04/15,0,1,0,Hungarian,0,0,0
Pap Kornélia,M07/E02/7,1,0,0,Hungarian,0,0,0
Pap Zsolt,M05/E06/9,1,1,0,Hungarian,0,0,0
Dr. Papcsák Ferenc,M01/E08/8,1,1,1,Hungarian,0,1,0
Papp Anikó,M04/E03/2,0,0,0,Hungarian,0,0,0
Papp Csaba,M02/E04/17,0,1,0,Hungarian,0,0,0
Papp Csilla,M09/E06/18,0,0,0,Hungarian,0,0,0
Papp István,M09/E06/14,0,1,0,Hungarian,0,0,0
Papp Jánosné,M03/E02/22,1,0,0,Hungarian,0,0,0
Papp Lajos,M09/E05/37,1,1,0,Hungarian,0,0,0
Papp László,M03/E06/10,0,1,0,Hungarian,0,0,0
Papp László,M07/E03/15,1,1,0,Hungarian,0,0,0
Papp Péter,M08/E03/9,1,1,0,Hungarian,0,0,0
Papp Viktor,M14/E12/23,0,1,0,Hungarian,0,0,0
Parádainé Jászfi Viktória,M02/E02/17,0,0,0,Hungarian,0,0,0
Pasa Gabriella,M07/E01/20,1,0,0,Hungarian,0,0,0
Pásku Károly,M16/E05/7,1,1,0,Hungarian,0,0,0
Pászli Ferenc,M19/E04/6,0,1,0,Hungarian,0,0,0
Pásztor János Pál,M01/E10/15,1,1,0,Hungarian,0,0,0
Pásztor László,M11/E02/16,0,1,0,Hungarian,0,0,0
Pásztori Patricia,M20/E03/12,1,0,0,Hungarian,0,0,0
Pásztorné Kovács Krisztina,M11/E03/10,1,0,0,Hungarian,0,0,0
Pasztorniczky István,M05/E05/2,1,1,0,Hungarian,0,0,0
Dr. Patai Antal,M03/E04/17,1,1,1,Hungarian,0,0,0
Paul Tamás,M01/E14/10,1,1,0,Hungarian,0,0,0
Pávay Miklós Györgyné,M15/E02/9,0,0,0,Hungarian,0,0,0
Pável Ágnes,M07/E05/20,0,0,0,Hungarian,0,0,0
Pávics Szabolcs József,M15/E02/7,0,1,0,Hungarian,0,0,0
Pázmándi János,M05/E05/18,1,1,0,Hungarian,0,0,0
Pekli Edit,M03/E06/9,1,0,0,Hungarian,0,0,0
Dr. Penke András Mihály,M14/E06/27,1,1,1,Hungarian,0,0,0
Péntek Ildikó,M11/E03/6,1,0,0,Hungarian,0,0,0
Pénzes István Györgyné,M15/E01/7,1,0,0,Hungarian,0,0,0
Perseg Imre,M01/E17/7,0,1,0,Hungarian,0,0,0
Pete Róbert,M20/E01/7,1,1,0,Hungarian,0,0,0
Petneházy Szabolcs Attila,M16/E01/22,1,1,0,Hungarian,0,0,0
Dr. Pető Ernő Zoltán,M11/E01/20,1,1,1,Hungarian,0,0,0
Pető László,M14/E09/10,0,1,0,Hungarian,0,0,0
Petre-Varga Fruzsina Zsuzsanna,M01/E02/7,1,0,0,Hungarian,0,0,0
Petrecz Veronika,M02/E02/22,0,0,0,Hungarian,0,0,0
Petrik Tímea,M12/E01/18,1,0,0,Hungarian,0,0,0
Pikács Pálné,M14/E06/25,0,0,0,Hungarian,0,0,0
Pillei Róbert,M18/E03/11,0,1,0,Hungarian,0,0,0
Piltner Zsolt,M15/E03/6,1,1,0,Hungarian,0,0,0
Pilz István Gábor,M07/E03/17,0,1,0,Hungarian,0,0,0
Pintér Kálmán,M03/E01/18,0,1,0,Hungarian,0,0,0
Pintér László,M12/E03/18,1,1,0,Hungarian,0,1,0
Pintér Réka,M12/E01/7,0,0,0,Hungarian,0,0,0
Pintér Sándor,M14/E07/3,1,1,0,Hungarian,0,0,0
Pintér Tamás,M07/E04/13,1,1,0,Hungarian,0,0,0
Piróth István,M19/E01/18,1,1,0,Hungarian,0,0,0
Piskor József Zoltán,M20/E03/2,1,1,0,Hungarian,0,0,0
Pócs János,M11/E02/15,1,1,0,Hungarian,0,1,0
Pogácsás Tibor János,M14/E10/11,1,1,0,Hungarian,0,1,0
Pogány István,M12/E02/4,1,1,0,Hungarian,0,0,0
Póka László,M14/E08/6,1,1,0,Hungarian,0,0,0
Póka Leila,M01/E07/15,1,0,0,Hungarian,0,0,0
Pokriva Nándor,M14/E05/1,0,1,0,Hungarian,0,0,0
Polgár Dániel Attila,M01/E14/16,0,1,0,Hungarian,0,0,0
Poprócsi Hunor Botond,M07/E05/4,1,1,0,Hungarian,0,0,0
Dr. Pósán László,M09/E02/18,1,1,1,Hungarian,0,1,0
Potápi Árpád János,M17/E02/13,1,1,0,Hungarian,0,1,0
Pöttendi János,M02/E04/9,0,1,0,Hungarian,0,0,0
Potyondi Ilona,M15/E01/13,1,0,0,Hungarian,0,0,0
Póznik György Csaba,M01/E10/4,1,1,0,Hungarian,0,0,0
Pozsonyi Péter,M11/E04/15,1,1,0,Hungarian,0,0,0
Prommer Mátyás Jenő,M12/E02/13,1,1,0,Hungarian,0,0,0
Pukkai Tamás,M14/E09/7,1,1,0,Hungarian,0,0,0
Pulai Edina,M14/E01/2,1,0,0,Hungarian,0,0,0
Puli Diána Klaudia,M19/E02/6,1,0,0,Hungarian,0,0,0
Pusztai Gábor,M15/E02/21,0,1,0,Hungarian,0,0,0
Rab Alexandra,M14/E07/21,0,0,0,Hungarian,0,0,0
Rába Kálmán,M18/E02/17,1,1,0,Hungarian,0,0,0
Rába László,M18/E02/6,1,1,0,Hungarian,0,0,0
Racker Béla,M18/E03/20,1,1,0,Hungarian,0,0,0
Rácz Adorján Barnabás,M14/E06/18,0,1,0,Hungarian,0,0,0
Rácz Jenő,M13/E02/27,1,1,0,Hungarian,0,0,0
Rácz József,M06/E03/6,0,1,0,Hungarian,0,0,0
Rácz Róbert,M14/E01/6,1,1,0,Hungarian,0,0,1
Rácz Tibor,M06/E01/6,1,1,0,Hungarian,0,0,0
Ráczné Molnár Mária,M13/E02/17,0,0,0,Hungarian,0,0,0
Rádai Alex,M04/E02/1,1,1,0,Hungarian,0,0,0
Radányi Norbert,M02/E02/13,1,1,0,Hungarian,0,0,0
Radányi-Kovács Tamás,M18/E02/20,0,1,0,Hungarian,0,0,0
Radics Istvánné,M03/E06/6,1,0,0,Hungarian,0,0,0
Radics József,M14/E10/8,0,1,0,Hungarian,0,0,0
Rafael Gyula,M17/E03/1,0,1,0,Hungarian,0,0,0
Raffai Eszter Evelin,M20/E02/15,0,0,0,Hungarian,0,0,0
Rajczy Péter Tamás,M12/E02/8,1,1,0,Hungarian,0,0,0
Rakita Andrea Éva,M14/E10/4,0,0,0,Hungarian,0,0,0
Rákosi György,M13/E02/12,0,1,0,Hungarian,0,0,0
Rákosi Judit,M01/E11/24,1,0,0,Hungarian,0,0,0
Ránics Erika,M10/E03/27,1,0,0,Hungarian,0,0,0
Rapcsák Győző,M14/E11/9,0,1,0,Hungarian,0,0,0
Ráska Ferenc János,M03/E04/6,0,1,0,Hungarian,0,0,0
Dr. Réczi László,M03/E04/10,1,1,1,Hungarian,0,0,0
Reiner Tibor,M11/E01/24,0,1,0,Hungarian,0,0,0
Reiter Antal Józsefné,M17/E01/2,0,0,0,Hungarian,0,0,0
Rejtő József,M04/E02/2,0,1,0,Hungarian,0,0,0
Rémes Árpád Csaba,M02/E04/3,0,1,0,Hungarian,0,0,0
Remetei Tamás,M08/E01/4,1,1,0,Hungarian,0,0,0
Révész Géza,M04/E04/24,0,1,0,Hungarian,0,0,0
Rézműves Anikó,M05/E03/3,1,0,0,Hungarian,0,0,0
Rézműves Róbert,M10/E02/31,1,1,0,Hungarian,0,0,0
Dr. Riczkó István,M09/E04/16,0,1,1,Hungarian,0,0,0
Rigán István,M09/E05/5,1,1,0,Hungarian,0,0,0
Rigler Miklós,M04/E02/9,1,1,0,Hungarian,0,0,0
Rippert Zoltán,M02/E04/11,0,1,0,Hungarian,0,0,0
Ritter Diána,M05/E07/26,0,0,0,Hungarian,0,0,0
Rivnyák Tibor,M05/E02/18,0,1,0,Hungarian,0,0,0
Riz Gábor,M05/E03/16,1,1,0,Hungarian,0,1,0
Rogán Antal,M01/E01/4,1,1,0,Hungarian,1,1,0
Romhányiné Dr. Balogh Edit,M14/E12/6,0,0,1,Hungarian,0,0,0
Dr. Rónai György,M09/E02/12,1,1,1,Hungarian,0,0,0
Rónaszékiné Keresztes Monika Mária,M01/E05/4,1,0,0,Hungarian,0,1,0
Rostás Aranka,M06/E03/7,0,0,0,Hungarian,0,0,0
Rostás Sarolta,M03/E04/4,0,0,0,Hungarian,0,0,0
Rozinka Gyöngyi,M10/E02/10,0,0,0,Hungarian,0,0,0
Rózsa Endre,M11/E04/20,1,1,0,Hungarian,0,0,0
Rózsa Gyula Attila,M01/E17/14,1,1,0,Hungarian,0,0,0
Ruszkovics János,M03/E01/11,1,1,0,Hungarian,0,0,0
Sáfár Ferenc,M02/E02/38,0,1,0,Hungarian,0,0,0
Sajtos László,M04/E03/4,0,1,0,Hungarian,0,0,0
Dr. Salacz László,M03/E01/4,1,1,1,Hungarian,0,0,0
Salamon László,M20/E01/3,0,1,0,Hungarian,0,0,0
Dr. Salha Omár,M01/E13/4,0,1,1,Hungarian,0,0,0
Sali Csaba,M08/E01/21,1,1,0,Hungarian,0,0,0
Sallai Ivett,M18/E03/12,0,0,0,Hungarian,0,0,0
Sallai Róbert Benedek,M11/E04/19,0,1,0,Hungarian,0,0,0
Samu Tamás Gergő,M04/E02/19,1,1,0,Hungarian,0,0,0
Sándli Zsolt,M08/E03/6,1,1,0,Hungarian,0,0,0
Sándor Gáborné,M11/E04/16,1,0,0,Hungarian,0,0,0
Sándor István,M14/E06/12,1,1,0,Hungarian,0,0,0
Sándor József,M20/E03/18,1,1,0,Hungarian,0,0,0
Sárközi Jánosné,M17/E01/10,1,0,0,Hungarian,0,0,0
Sárközi Lajos,M02/E01/4,0,1,0,Hungarian,0,0,0
Sárköziné Juhász Gyöngyi,M14/E09/14,0,0,0,Hungarian,0,0,0
Sárköziné Rafai Nikoletta,M17/E03/13,0,0,0,Hungarian,0,0,0
Sárosi Albert János,M03/E05/14,0,1,0,Hungarian,0,0,0
Sas Zoltán,M14/E07/8,1,1,0,Hungarian,0,0,0
Sasvári Erzsébet,M16/E05/18,0,0,0,Hungarian,0,0,0
Scheiring Gábor,M19/E02/2,1,1,0,Hungarian,0,0,1
Schiffer András,M01/E01/3,0,1,0,Hungarian,1,0,1
Schiller László,M01/E11/7,1,1,0,Hungarian,0,0,0
Schiller Roland,M14/E09/16,1,1,0,Hungarian,0,0,0
Dr. Schmuck Erzsébet,M01/E14/14,0,0,1,Hungarian,0,0,0
Schnabl Marianna,M01/E16/21,1,0,0,Hungarian,0,0,0
Schopf Rita,M10/E02/12,0,0,0,Hungarian,0,0,0
Schwarczkopf Róbert,M02/E03/22,1,1,0,Hungarian,0,0,0
Sebestyén László,M05/E02/23,1,1,0,Hungarian,0,1,0
Sedon Béla,M01/E11/14,0,1,0,Hungarian,0,0,0
Sefcsik Ibolya,M14/E03/17,0,0,0,Hungarian,0,0,0
Selmeczy Zsuzsanna,M20/E02/10,1,0,0,Hungarian,0,0,0
Seres Géza,M05/E03/23,0,1,0,Hungarian,0,0,0
Seres Mária,M13/E01/26,1,0,0,Hungarian,0,0,0
Dr. Seszták Miklós István,M16/E03/1,1,1,1,Hungarian,1,1,1
Dr. Simicskó István,M01/E02/2,1,1,1,Hungarian,1,1,0
Simkó István Tamás,M05/E07/23,1,1,0,Hungarian,0,0,0
Simó József,M16/E04/13,0,1,0,Hungarian,0,0,0
Simon László,M05/E01/11,1,1,0,Hungarian,0,0,0
Dr. Simon Miklós,M16/E06/14,1,1,1,Hungarian,0,1,0
Simon Róbert Balázs,M08/E01/15,1,1,0,Hungarian,0,0,0
Simon Zoltán Antal,M18/E01/10,1,1,0,Hungarian,0,0,0
Simonka György,M04/E04/3,1,1,0,Hungarian,0,1,0
Simonné Szép Ildikó,M02/E03/26,0,0,0,Hungarian,0,0,0
Sinka Antal,M03/E05/15,0,1,0,Hungarian,0,0,0
Sinka Vivien Karolin,M19/E01/20,1,0,0,Hungarian,0,0,0
Dr. Sinkáné Vati Júlia,M19/E02/10,1,0,0,Hungarian,0,0,0
Sipos Éva Katalin,M16/E02/12,0,0,0,Hungarian,0,0,0
Sipos László,M16/E04/15,1,1,0,Hungarian,0,0,0
Sipos Zoltán,M15/E02/5,0,1,0,Hungarian,0,0,0
Siroki Zsolt,M05/E03/21,0,1,0,Hungarian,0,0,0
Skrobár Róbert,M14/E03/5,1,1,0,Hungarian,0,0,0
Sneider Tamás,M10/E03/12,1,1,0,Hungarian,0,0,1
Snep Andrea,M10/E02/23,0,0,0,Hungarian,0,0,0
Soczó Ildikó Mária,M14/E01/10,0,0,0,Hungarian,0,0,0
Soltész Imre István,M05/E04/21,0,1,0,Hungarian,0,0,0
Som Zsolt,M14/E10/17,0,1,0,Hungarian,0,0,0
Somfai Ágnes,M01/E18/11,0,0,0,Hungarian,0,0,0
Somodi Milán,M03/E04/18,1,1,0,Hungarian,0,0,0
Somogyvári László,M20/E03/9,0,1,0,Hungarian,0,0,0
Sörös József,M03/E01/2,0,1,0,Hungarian,0,0,0
Sós Miklósné,M02/E04/23,0,0,0,Hungarian,0,0,0
Dr. Sós Tamás,M10/E02/28,1,1,1,Hungarian,0,0,1
Dr. Staudt Gábor,M01/E18/10,1,1,1,Hungarian,1,0,1
Strasszer Ferencné,M19/E02/13,0,0,0,Hungarian,0,0,0
Stummer János,M01/E05/3,1,1,0,Hungarian,0,0,0
Stumpf Mariann,M19/E03/2,0,0,0,Hungarian,0,0,0
Sturmann Béla,M13/E01/16,1,1,0,Hungarian,0,0,0
Subecz Tamás,M07/E04/17,0,1,0,Hungarian,0,0,0
Subicz István,M10/E02/40,1,1,0,Hungarian,0,0,0
Dr. Suda Dezső József,M01/E06/7,1,1,1,Hungarian,0,0,0
Suha Jenő,M10/E02/24,0,1,0,Hungarian,0,0,0
Suhajda Krisztián,M03/E03/3,1,1,0,Hungarian,0,0,1
Suhajdáné Toldi Zsanett Dea,M01/E04/2,1,0,0,Hungarian,0,0,0
Surányi Tiborné,M14/E09/13,1,0,0,Hungarian,0,0,0
Surányi Vivien,M06/E04/7,1,0,0,Hungarian,0,0,0
Sütő János Zoltán,M18/E03/17,0,1,0,Hungarian,0,0,0
Sütő János Zoltán,M20/E02/17,1,1,0,Hungarian,0,0,0
Szabados Sándor,M12/E03/6,1,1,0,Hungarian,0,0,0
Szabó Attila,M04/E04/25,0,1,0,Hungarian,0,0,0
Szabó Bettina,M03/E04/13,1,0,0,Hungarian,0,0,0
Szabó Ferenc,M07/E05/18,0,1,0,Hungarian,0,0,0
Szabó Ferenc,M19/E03/3,1,1,0,Hungarian,0,0,0
Szabó Hajnalka,M11/E04/1,0,0,0,Hungarian,0,0,0
Szabó Imre,M14/E05/11,0,1,0,Hungarian,0,0,1
Szabó József,M01/E15/6,1,1,0,Hungarian,0,0,0
Szabó Kinga,M14/E06/5,0,0,0,Hungarian,0,0,0
Szabó Mihály,M12/E03/7,1,1,0,Hungarian,0,0,0
Szabó Rebeka Katalin,M14/E07/14,1,0,0,Hungarian,0,0,1
Szabó Sándor,M05/E07/6,0,1,0,Hungarian,0,0,0
Szabó Sándor,M06/E01/15,0,1,0,Hungarian,0,0,0
Szabó Sándor,M07/E04/1,0,1,0,Hungarian,0,0,0
Szabó Sándor,M09/E01/13,0,1,0,Hungarian,0,0,0
Szabó Sándor,M14/E06/8,1,1,0,Hungarian,0,0,0
Szabó Sándor Miklós,M10/E02/34,1,1,0,Hungarian,0,0,0
Dr. Szabó Szabolcs,M01/E17/28,0,1,1,Hungarian,0,0,0
Szabó Tünde Andrea,M02/E04/27,0,0,0,Hungarian,0,0,0
Szabó Zsolt,M10/E03/7,1,1,0,Hungarian,0,0,0
Szabó Zsolt Attila,M13/E01/23,1,1,0,Hungarian,0,0,0
Szabolcs Attila,M01/E18/12,1,1,0,Hungarian,0,0,0
Szabolcsi Beáta,M16/E01/7,1,0,0,Hungarian,0,0,0
Szabóné Füle Márta,M05/E02/24,0,0,0,Hungarian,0,0,0
Dr. Szabóné Müller Timea Nóra,M14/E02/14,1,0,0,Hungarian,0,0,0
Szakács Gyula,M08/E03/4,1,1,0,Hungarian,0,0,0
Dr. Szakács László,M02/E02/25,1,1,1,Hungarian,0,0,0
Szakonyi Imre István,M08/E04/4,1,1,0,Hungarian,0,0,0
Szakos Zoltán,M05/E02/19,1,1,0,Hungarian,0,0,0
Szaksz Tamás,M02/E01/2,1,1,0,Hungarian,0,0,0
Szalai Balázs,M07/E04/14,0,1,0,Hungarian,0,0,0
Szalai Ferencné,M03/E03/16,0,0,0,Hungarian,0,0,0
Szalay András,M08/E01/6,1,1,0,Hungarian,0,0,0
Dr. Szalay Péter,M01/E07/11,1,1,1,Hungarian,0,0,1
Dr. Szalóczi Géza György,M10/E01/1,0,1,1,Hungarian,0,0,0
Szamkó Rozália,M10/E01/7,0,0,0,Hungarian,0,0,0
Szamosvári Szabolcs Sándor,M15/E03/20,0,1,0,Hungarian,0,0,0
Szaniszló-Bénus Benjamin,M01/E17/10,0,1,0,Hungarian,0,0,0
Szántó Csaba,M01/E18/4,0,1,0,Hungarian,0,0,0
Szántó Gábor,M07/E04/3,0,1,0,Hungarian,0,0,0
Száraz Dorottya,M01/E10/6,1,0,0,Hungarian,0,0,0
Szarka Szilvia,M03/E01/6,0,0,0,Hungarian,0,0,0
Szarvas Dénes,M07/E04/10,0,1,0,Hungarian,0,0,0
Szarvas István,M20/E02/2,1,1,0,Hungarian,0,0,0
Szarvas József,M01/E17/3,1,1,0,Hungarian,0,0,0
Szász József,M16/E05/23,1,1,0,Hungarian,0,0,0
Szaszák Péter,M04/E01/20,0,1,0,Hungarian,0,0,0
Szászfalvi László,M15/E02/12,1,1,0,Hungarian,0,1,0
Szatmári Ildikó,M07/E05/15,1,0,0,Hungarian,0,0,0
Szatmáry Kristóf,M01/E13/7,1,1,0,Hungarian,0,0,1
Szávay István,M01/E03/5,1,1,0,Hungarian,0,0,1
Százi Nikolett,M14/E07/23,0,0,0,Hungarian,0,0,0
Szebek Mihály István,M07/E02/3,0,1,0,Hungarian,0,0,0
Szécsi Miklós,M16/E06/20,0,1,0,Hungarian,0,0,0
Szedlacsek Enikő,M01/E17/20,1,0,0,Hungarian,0,0,0
Szegedi Éva,M04/E01/8,0,0,0,Hungarian,0,0,0
Dr. Szegedi István,M09/E01/7,1,1,1,Hungarian,0,0,0
Szegváry Krisztián,M10/E02/15,0,1,0,Hungarian,0,0,0
Szeibert Márton,M07/E04/22,0,1,0,Hungarian,0,0,0
Székely Antal,M12/E03/13,1,1,0,Hungarian,0,0,0
Székely János,M09/E03/2,1,1,0,Hungarian,0,0,0
Székely Mihály,M01/E07/6,1,1,0,Hungarian,0,0,0
Székely Orsolya,M14/E11/20,0,0,0,Hungarian,0,0,0
Dr. Szekeres Imre Jenő,M11/E02/12,1,1,1,Hungarian,1,0,1
Szekeres Péterné,M01/E07/2,1,0,0,Hungarian,0,0,0
Szekszer Bernadett Katalin,M14/E01/5,0,0,0,Hungarian,0,0,0
Dr. Szél Bernadett,M14/E02/5,1,0,1,Hungarian,1,0,1
Szelényi Zsuzsanna,M01/E04/5,1,0,0,Hungarian,0,0,0
Széles Elek,M09/E06/2,0,1,0,Hungarian,0,0,0
Széles Orsolya,M02/E03/21,0,0,0,Hungarian,0,0,0
Széll Tamás,M19/E03/22,0,1,0,Hungarian,0,0,0
Szendi Krisztián,M08/E04/2,1,1,0,Hungarian,0,0,0
Szendrei Attila,M09/E01/2,1,1,0,Hungarian,0,0,0
Szendreiné Kis Katalin,M13/E02/1,0,0,0,Hungarian,0,0,0
Szenes Zsolt,M02/E03/28,1,1,0,Hungarian,0,0,0
Szenftner László,M08/E02/12,1,1,0,Hungarian,0,0,0
Szentes János,M14/E11/19,0,1,0,Hungarian,0,0,0
Szentes Richárd,M02/E01/3,0,1,0,Hungarian,0,0,0
Szép Erzsébet,M15/E02/17,0,0,0,Hungarian,0,0,0
Szepesi Gábor Attila,M09/E05/6,1,1,0,Hungarian,0,0,0
Szepessy Zsolt László,M16/E01/26,1,1,0,Hungarian,0,0,0
Szermek Zsolt Ottó,M20/E02/8,0,1,0,Hungarian,0,0,0
Szikora Zoltán Ferencné,M14/E10/5,0,0,0,Hungarian,0,0,0
Szilágyi György,M01/E14/13,1,1,0,Hungarian,0,0,0
Szilágyi Imre,M05/E03/15,1,1,0,Hungarian,0,0,0
Szilágyi Károly,M09/E04/15,0,1,0,Hungarian,0,0,0
Szilassy Gábor Cézár,M01/E06/9,1,1,0,Hungarian,0,0,0
Szilcz Ildikó,M16/E03/20,1,0,0,Hungarian,0,0,0
Szilvágyi László,M01/E12/14,1,1,0,Hungarian,0,0,0
Szilvási István,M13/E02/22,0,1,0,Hungarian,0,0,0
Szilvási Zsolt,M14/E08/20,0,1,0,Hungarian,0,0,0
Szincsák Sándor,M09/E05/31,0,1,0,Hungarian,0,0,0
Szinna Gábor,M14/E03/19,0,1,0,Hungarian,0,0,0
Szivos Lajos Zoltánné,M04/E03/5,0,0,0,Hungarian,0,0,0
Szlobodics Gyula Károly,M15/E01/4,0,1,0,Hungarian,0,0,0
Szoboszlay György Csaba,M16/E01/12,1,1,0,Hungarian,0,0,0
Szőcs István,M10/E03/6,0,1,0,Hungarian,0,0,0
Szőcs Norbert,M02/E03/14,1,1,0,Hungarian,0,0,0
Szőcsi Richárd,M16/E05/4,0,1,0,Hungarian,0,0,0
Szőke János,M04/E03/23,0,1,0,Hungarian,0,0,0
Szöllősi Istvánné,M01/E01/2,1,0,0,Hungarian,0,0,0
Szőrös Zita,M13/E01/3,1,0,0,Hungarian,0,0,0
Sztojka István,M18/E02/16,1,1,0,Hungarian,0,0,0
Sztojka Mariann,M03/E03/5,0,0,0,Hungarian,0,0,0
Sztojka Norbert,M02/E04/21,0,1,0,Hungarian,0,0,0
Szűcs István,M09/E02/4,1,1,0,Hungarian,0,0,0
Szűcs Károly,M11/E02/7,0,1,0,Hungarian,0,0,0
Dr. Szücs Lajos,M05/E07/17,1,1,1,Hungarian,0,0,0
Dr. Szűcs Lajos,M14/E07/10,1,1,1,Hungarian,0,1,0
Szuna Ferenc,M01/E03/7,1,1,0,Hungarian,0,0,0
Tagyi Kristóf Tibor,M01/E15/8,0,1,0,Hungarian,0,0,0
Tajti Katalin,M03/E05/23,0,0,0,Hungarian,0,0,0
Takács Ádám,M18/E03/7,0,1,0,Hungarian,0,0,0
Takács András,M08/E02/9,1,1,0,Hungarian,0,0,0
Takács Gábor,M14/E08/11,1,1,0,Hungarian,0,0,0
Takács Krisztián,M08/E02/2,1,1,0,Hungarian,0,0,0
Takács Péter,M04/E01/3,1,1,0,Hungarian,0,0,0
Takács Róbert,M02/E03/30,0,1,0,Hungarian,0,0,0
Tállai András László,M05/E07/4,1,1,0,Hungarian,0,1,0
Tamás János,M05/E02/12,0,1,0,Hungarian,0,0,0
Tamás László Ferenc,M16/E01/10,1,1,0,Hungarian,0,0,0
Tamás Sándor,M16/E06/16,1,1,0,Hungarian,0,0,0
Tamási Gabriella,M17/E03/18,0,0,0,Hungarian,0,0,0
Támba Klaudia,M15/E03/3,1,0,0,Hungarian,0,0,0
Tanács Eszter,M06/E01/25,1,0,0,Hungarian,0,0,0
Tanács István,M16/E06/11,0,1,0,Hungarian,0,0,0
Táncsics Péter,M18/E02/14,1,1,0,Hungarian,0,0,0
Tánczos Ádám Péter,M08/E02/5,0,1,0,Hungarian,0,0,0
Tankovszki András,M09/E01/5,1,1,0,Hungarian,0,0,0
Tar Krisztián,M19/E02/8,1,1,0,Hungarian,0,0,0
Tari János,M06/E02/10,0,1,0,Hungarian,0,0,0
Tari József,M02/E04/2,1,1,0,Hungarian,0,0,0
Dr. Tarnai Gábor Elemér,M05/E06/7,1,1,1,Hungarian,0,0,0
Tasó László,M09/E03/15,1,1,0,Hungarian,0,1,0
Tatár Gábor,M06/E02/14,0,1,0,Hungarian,0,0,0
Téglás Géza,M12/E03/10,1,1,0,Hungarian,0,0,0
Teket Melinda,M03/E06/4,1,0,0,Hungarian,0,0,0
Tempfli József,M16/E05/10,1,1,0,Hungarian,0,0,0
Tempfliné Szabó Viktória,M08/E01/9,1,0,0,Hungarian,0,0,0
Tenk András,M01/E17/23,1,1,0,Hungarian,0,0,0
Tenke János,M10/E02/27,1,1,0,Hungarian,0,0,0
Tenki Melinda,M12/E03/5,0,0,0,Hungarian,0,0,0
Dr. Terebesiné Kovács Éva,M16/E01/20,1,0,0,Hungarian,0,0,0
Teremi László Sándorné,M16/E01/13,0,0,0,Hungarian,0,0,0
Tessely Zoltán Károly,M07/E03/7,1,1,0,Hungarian,0,1,0
Dr. Thürmer Gyula,M01/E17/16,1,1,1,Hungarian,1,0,0
Dr. Tiba István Csaba,M09/E06/13,1,1,1,Hungarian,0,1,0
Tibolya Krisztina,M20/E01/16,0,0,0,Hungarian,0,0,0
Tiffán Zsolt,M02/E04/10,1,1,0,Hungarian,0,1,0
Tigelmann Péter,M17/E02/6,0,1,0,Hungarian,0,0,0
Tilinger Péter Márk,M15/E01/17,0,1,0,Hungarian,0,0,0
Dr. Tilki Attila,M16/E04/2,1,1,1,Hungarian,0,1,0
Tiszaváry Fanni,M05/E04/11,0,0,0,Hungarian,0,0,0
Tokaji Attila,M12/E01/1,1,1,0,Hungarian,0,0,0
Tokár Andrásné,M05/E07/24,0,0,0,Hungarian,0,0,0
Tokody Marcell Gergely,M01/E16/6,1,1,0,Hungarian,0,0,0
Tolnai Tibor,M16/E02/4,1,1,0,Hungarian,0,0,0
Tomkó Miklós László,M02/E04/5,0,1,0,Hungarian,0,0,0
Dr. Topálné Dr. Zsilka Ilona,M12/E03/8,0,0,1,Hungarian,0,0,0
Torma Zsolt,M01/E06/23,0,1,0,Hungarian,0,0,0
Törő Gábor,M07/E02/20,1,1,0,Hungarian,0,1,0
Török Edina,M02/E01/10,1,0,0,Hungarian,0,0,0
Török Ferenc,M11/E04/4,0,1,0,Hungarian,0,0,0
Török László,M14/E10/20,1,1,0,Hungarian,0,0,0
Török Mónika,M19/E02/11,0,0,0,Hungarian,0,0,0
Török Norbert Roland,M01/E08/6,1,1,0,Hungarian,0,0,0
Dr. Török Pál,M05/E06/6,0,1,1,Hungarian,0,0,0
Török Tamás,M06/E01/19,0,1,0,Hungarian,0,0,0
Török Tamásné,M13/E02/11,1,0,0,Hungarian,0,0,0
Török Zsolt Bernát,M03/E05/11,1,1,0,Hungarian,0,0,0
Törökné Dzsaja Erzsébet Ildikó,M14/E02/16,1,0,0,Hungarian,0,0,0
Tóth Árpád,M05/E02/10,0,1,0,Hungarian,0,0,0
Tóth Attila,M15/E04/12,0,1,0,Hungarian,0,0,0
Tóth Attila Géza,M18/E03/4,1,1,0,Hungarian,0,0,0
Tóth Attila Pál,M01/E07/14,0,1,0,Hungarian,0,0,0
Tóth Balázs,M01/E09/5,1,1,0,Hungarian,0,0,0
Dr. Tóth Bertalan,M02/E01/32,1,1,1,Hungarian,0,0,0
Tóth Csaba István,M09/E03/14,0,1,0,Hungarian,0,0,0
Tóth Csaba János,M01/E08/1,1,1,0,Hungarian,0,0,1
Tóth Ernő,M06/E04/16,0,1,0,Hungarian,0,0,0
Tóth Ferenc,M05/E07/22,1,1,0,Hungarian,0,0,0
Tóth Ferenc Tibor,M14/E10/6,0,1,0,Hungarian,0,0,0
Tóth Gábor,M15/E03/10,0,1,0,Hungarian,0,0,0
Tóth Gábor,M16/E04/12,0,1,0,Hungarian,0,0,0
Dr. Tóth István,M05/E05/3,1,1,1,Hungarian,0,0,0
Tóth István Jánosné,M20/E01/21,1,0,0,Hungarian,0,0,0
Tóth István József,M06/E01/13,0,1,0,Hungarian,0,0,0
Tóth Istvánné,M05/E04/26,0,0,0,Hungarian,0,0,0
Tóth József,M02/E01/21,0,1,0,Hungarian,0,0,0
Tóth József,M03/E03/13,1,1,0,Hungarian,0,0,0
Tóth László,M01/E13/9,0,1,0,Hungarian,0,0,0
Tóth László,M14/E07/19,1,1,0,Hungarian,0,0,0
Tóth Melinda Anna,M05/E03/17,1,0,0,Hungarian,0,0,0
Tóth Miklós,M16/E02/15,1,1,0,Hungarian,0,0,0
Tóth Miklósné,M09/E06/10,0,0,0,Hungarian,0,0,0
Tóth Norbert,M10/E03/4,1,1,0,Hungarian,0,0,0
Tóth Péter,M06/E02/9,1,1,0,Hungarian,0,0,0
Tóth Péter Pál,M16/E03/3,1,1,0,Hungarian,0,0,0
Tóth Sebestyén,M09/E02/16,1,1,0,Hungarian,0,0,0
Tóth Tibor,M06/E01/20,0,1,0,Hungarian,0,0,0
Tóth Tibor,M19/E03/11,1,1,0,Hungarian,0,0,0
Tóth Zoltán,M13/E02/24,1,1,0,Hungarian,0,0,0
Tóth-Fekete Tamás Károly,M12/E01/3,0,1,0,Hungarian,0,0,0
Tóth-Kern Enikő,M10/E03/11,0,0,0,Hungarian,0,0,0
Tóthné Ábrahám Edit,M11/E03/5,1,0,0,Hungarian,0,0,0
Tóthné Kun Andrea Éva,M16/E05/13,0,0,0,Hungarian,0,0,0
Tóthné Megyes Katalin,M14/E09/1,1,0,0,Hungarian,0,0,0
Tóthné Szakály Henrietta,M18/E01/17,0,0,0,Hungarian,0,0,0
Töviskesné Dsupin Judit Ibolya,M09/E06/5,1,0,0,Hungarian,0,0,0
Tringer Ferenc Péter,M20/E03/28,1,1,0,Hungarian,0,0,0
Tubák István,M01/E09/3,1,1,0,Hungarian,0,0,0
Turcsán József,M19/E02/17,0,1,0,Hungarian,0,0,0
Turczer György,M14/E01/12,1,1,0,Hungarian,0,0,0
Turi Kristóf Tamás,M11/E02/5,1,1,0,Hungarian,0,0,0
Dr. Turza Csaba József,M13/E01/4,0,1,1,Hungarian,0,0,0
Dr. Tuzson Bence Balázs,M14/E05/2,1,1,1,Hungarian,0,0,0
Ujházi Károly,M14/E10/13,1,1,0,Hungarian,0,0,0
Dr. Ulics Erika,M09/E04/13,1,0,1,Hungarian,0,0,0
Ungvári Imre,M04/E02/16,0,1,0,Hungarian,0,0,0
Uray Erzsébet,M03/E05/25,0,0,0,Hungarian,0,0,0
Urbancsok Istvánné,M04/E02/8,0,0,0,Hungarian,0,0,0
Ürmös M. Attila,M17/E01/6,1,1,0,Hungarian,0,0,0
Üsztöke László,M03/E03/11,0,1,0,Hungarian,0,0,0
Uzsokiné Lakó Éva,M14/E06/21,1,0,0,Hungarian,0,0,0
V.Németh Zsolt,M18/E03/21,1,1,0,Hungarian,0,1,0
Váczi Ferenc,M17/E03/4,1,1,0,Hungarian,0,0,0
Dr. Vadai Ágnes,M12/E02/18,1,0,1,Hungarian,0,0,1
Vadász Beáta,M02/E04/6,1,0,0,Hungarian,0,0,0
Vadász Ferenc,M01/E18/6,1,1,0,Hungarian,0,0,0
Vadászi Nándor,M14/E01/23,0,1,0,Hungarian,0,0,0
Vági Ágnes Csilla,M12/E03/11,1,0,0,Hungarian,0,0,0
Vágó Lajos Béla,M05/E03/18,0,1,0,Hungarian,0,0,0
Vágó Sebestyén,M12/E01/20,1,1,0,Hungarian,0,0,1
Vágó Tibor István,M14/E12/9,0,1,0,Hungarian,0,0,0
Vajda Béla,M05/E07/14,1,1,0,Hungarian,0,0,0
Vajda Krisztián,M19/E01/7,0,1,0,Hungarian,0,0,0
Dr. Váli Zoltán,M05/E06/12,1,1,1,Hungarian,0,0,0
Vályi Bettina,M03/E04/9,0,0,0,Hungarian,0,0,0
Dr. Vancsura István,M03/E02/14,1,1,1,Hungarian,0,0,0
Vantara Gyula,M04/E01/19,1,1,0,Hungarian,0,1,0
Váradi Gábor,M16/E06/1,0,1,0,Hungarian,0,0,0
Váradi László,M11/E04/3,1,1,0,Hungarian,0,0,0
Varga Andrea,M07/E05/2,0,0,0,Hungarian,0,0,0
Varga Andrea,M14/E01/22,0,0,0,Hungarian,0,0,0
Varga Áronné,M16/E01/6,0,0,0,Hungarian,0,0,0
Varga Ferenc,M16/E04/4,0,1,0,Hungarian,0,0,0
Varga Gábor,M07/E05/8,0,1,0,Hungarian,0,1,0
Varga Gábor,M16/E05/12,0,1,0,Hungarian,0,0,0
Varga Géza István,M04/E03/16,1,1,0,Hungarian,0,0,1
Varga György,M07/E03/2,1,1,0,Hungarian,0,0,0
Varga Györgyné,M04/E01/12,1,0,0,Hungarian,0,0,0
Varga Illés Levente,M14/E01/7,0,1,0,Hungarian,0,0,0
Varga István,M16/E03/11,0,1,0,Hungarian,0,0,0
Varga István Tibor,M01/E09/8,1,1,0,Hungarian,0,0,0
Varga Kinga Mária,M03/E02/6,0,0,0,Hungarian,0,0,0
Varga Krisztián,M16/E06/12,1,1,0,Hungarian,0,0,0
Dr. Varga László,M05/E02/15,1,1,1,Hungarian,0,0,1
Varga Mariann,M09/E06/21,0,0,0,Hungarian,0,0,0
Varga Mihály,M01/E04/3,1,1,0,Hungarian,1,1,0
Varga Péter,M06/E04/20,1,1,0,Hungarian,0,0,0
Varga Péter Miklósné,M01/E18/3,0,0,0,Hungarian,0,0,0
Varga Péter Roland,M19/E02/5,0,1,0,Hungarian,0,0,0
Varga Roland,M15/E01/9,0,1,0,Hungarian,0,0,0
Varga Sándor,M04/E02/5,0,1,0,Hungarian,0,0,0
Varga Tamás,M14/E02/12,1,1,0,Hungarian,0,0,0
Varga Tibor László,M01/E05/10,1,1,0,Hungarian,0,0,0
Varga Zoltán,M04/E04/20,0,1,0,Hungarian,0,0,1
Varga Zoltán,M16/E03/12,1,1,0,Hungarian,0,0,0
Varga Zsolt,M15/E03/18,0,1,0,Hungarian,0,0,0
Vargha Tamás János,M07/E01/19,1,1,0,Hungarian,0,1,0
Várhegyi Csaba,M01/E15/29,0,1,0,Hungarian,0,0,0
Varju László,M09/E04/9,1,1,0,Hungarian,0,0,1
Dr. Vas Imre,M01/E06/30,1,1,1,Hungarian,0,1,0
Vas Jácint,M17/E01/11,0,1,0,Hungarian,0,0,0
Vass József,M05/E07/31,0,1,0,Hungarian,0,0,0
Vass Szilvia,M17/E01/16,1,0,0,Hungarian,0,0,0
Vass Zsigmond László,M01/E09/15,0,1,0,Hungarian,0,0,0
Vécsey László József,M14/E06/9,1,1,0,Hungarian,0,1,0
Vécsi István,M05/E05/7,1,1,0,Hungarian,0,0,0
Vékony János,M07/E02/22,0,1,0,Hungarian,0,0,0
Vékony Mária,M05/E02/9,1,0,0,Hungarian,0,0,0
Verebély András Pál,M03/E02/21,0,1,0,Hungarian,0,0,0
Veres Botond,M14/E06/2,1,1,0,Hungarian,0,0,0
Veres Péter,M07/E03/14,1,1,0,Hungarian,0,0,0
Vida Dezső Zoltán,M02/E04/25,1,1,0,Hungarian,0,0,0
Vidák Zoltán,M13/E02/23,0,1,0,Hungarian,0,0,0
Dr. Vidákovics László,M01/E17/19,0,1,1,Hungarian,0,0,0
Vigh Albert,M09/E05/28,0,1,0,Hungarian,0,0,0
Vigh László,M20/E01/25,1,1,0,Hungarian,0,1,0
Dr. Vinnai Győző,M16/E02/25,1,1,1,Hungarian,0,1,0
Virág Mihályné,M08/E05/3,0,0,0,Hungarian,0,0,0
Dr. Vitányi István József,M09/E04/12,1,1,1,Hungarian,0,1,0
Vitéz Attila,M14/E04/14,1,1,0,Hungarian,0,0,0
Vojnovits Erzsébet,M14/E04/16,0,0,0,Hungarian,0,0,0
Völgyesi Krisztián,M01/E17/24,0,1,0,Hungarian,0,0,0
Volner János,M14/E12/7,1,1,0,Hungarian,1,0,1
Dr. Völner Pál,M12/E02/3,1,1,1,Hungarian,0,1,0
Vona Gábor,M10/E02/6,1,1,0,Hungarian,1,0,1
Vörös János,M01/E12/17,1,1,0,Hungarian,0,0,0
Weiser Írisz Vica,M09/E06/1,1,0,0,Hungarian,0,0,0
Witzmann Mihály,M15/E04/6,1,1,0,Hungarian,0,0,0
Wrzava Pál,M18/E03/19,0,1,0,Hungarian,0,0,0
Zábrácki László,M14/E11/5,1,1,0,Hungarian,0,0,0
Zagyva Gabriella,M14/E11/16,1,0,0,Hungarian,0,0,0
Zagyvai Sándor,M13/E02/5,1,1,0,Hungarian,0,0,0
Zakó László,M20/E03/23,1,1,0,Hungarian,0,0,0
Zala Miklós,M01/E12/6,1,1,0,Hungarian,0,0,0
Zelei Pálné,M02/E03/27,0,0,0,Hungarian,0,0,0
Zilinszki Zita,M02/E01/42,0,0,0,Hungarian,0,0,0
Dr. Zombor Gábor Zoltán,M03/E02/20,1,1,1,Hungarian,0,1,0
Zsatku Zita,M09/E06/3,0,0,0,Hungarian,0,0,0
Zsell Pálné,M01/E17/25,0,0,0,Hungarian,0,0,0
Zsichla Imre Gábor,M01/E14/7,0,1,0,Hungarian,0,0,0
Zsiga-Kárpát Dániel Gábor,M01/E10/8,0,1,0,Hungarian,0,0,0
Zsigár József,M14/E11/7,0,1,0,Hungarian,0,0,0
Zsigmond Attiláné,M14/E04/10,0,0,0,Hungarian,0,0,0
Zsigó Róbert Vilmos,M03/E06/1,1,1,0,Hungarian,0,1,0
Zsiros László,M05/E04/22,1,1,0,Hungarian,0,0,0
Zsolnai Péterné,M02/E04/18,0,0,0,Hungarian,0,0,0
Zsömlye György,M20/E01/1,0,1,0,Hungarian,0,0,0
